%time,field.header.seq,field.header.stamp,field.header.frame_id,field.height,field.width,field.distortion_model,field.D0,field.D1,field.D2,field.D3,field.D4,field.K0,field.K1,field.K2,field.K3,field.K4,field.K5,field.K6,field.K7,field.K8,field.R0,field.R1,field.R2,field.R3,field.R4,field.R5,field.R6,field.R7,field.R8,field.P0,field.P1,field.P2,field.P3,field.P4,field.P5,field.P6,field.P7,field.P8,field.P9,field.P10,field.P11,field.binning_x,field.binning_y,field.roi.x_offset,field.roi.y_offset,field.roi.height,field.roi.width,field.roi.do_rectify
1509044730683238072,1,0,,600,800,plumb_bob,-0.050937,-0.096261,0.011851,0.008042,0.0,1352.72968,0.0,426.573376,0.0,1362.529057,366.755119,0.0,0.0,1.0,1.0,0.0,0.0,0.0,1.0,0.0,0.0,0.0,1.0,1345.200806,0.0,429.549312,0.0,0.0,1353.838257,369.393325,0.0,0.0,0.0,1.0,0.0,0,0,0,0,0,0,0
1509044730783227826,2,0,,600,800,plumb_bob,-0.050937,-0.096261,0.011851,0.008042,0.0,1352.72968,0.0,426.573376,0.0,1362.529057,366.755119,0.0,0.0,1.0,1.0,0.0,0.0,0.0,1.0,0.0,0.0,0.0,1.0,1345.200806,0.0,429.549312,0.0,0.0,1353.838257,369.393325,0.0,0.0,0.0,1.0,0.0,0,0,0,0,0,0,0
1509044730883191629,3,0,,600,800,plumb_bob,-0.050937,-0.096261,0.011851,0.008042,0.0,1352.72968,0.0,426.573376,0.0,1362.529057,366.755119,0.0,0.0,1.0,1.0,0.0,0.0,0.0,1.0,0.0,0.0,0.0,1.0,1345.200806,0.0,429.549312,0.0,0.0,1353.838257,369.393325,0.0,0.0,0.0,1.0,0.0,0,0,0,0,0,0,0
1509044730983185463,4,0,,600,800,plumb_bob,-0.050937,-0.096261,0.011851,0.008042,0.0,1352.72968,0.0,426.573376,0.0,1362.529057,366.755119,0.0,0.0,1.0,1.0,0.0,0.0,0.0,1.0,0.0,0.0,0.0,1.0,1345.200806,0.0,429.549312,0.0,0.0,1353.838257,369.393325,0.0,0.0,0.0,1.0,0.0,0,0,0,0,0,0,0
1509044731083160529,5,0,,600,800,plumb_bob,-0.050937,-0.096261,0.011851,0.008042,0.0,1352.72968,0.0,426.573376,0.0,1362.529057,366.755119,0.0,0.0,1.0,1.0,0.0,0.0,0.0,1.0,0.0,0.0,0.0,1.0,1345.200806,0.0,429.549312,0.0,0.0,1353.838257,369.393325,0.0,0.0,0.0,1.0,0.0,0,0,0,0,0,0,0
1509044731183141434,6,0,,600,800,plumb_bob,-0.050937,-0.096261,0.011851,0.008042,0.0,1352.72968,0.0,426.573376,0.0,1362.529057,366.755119,0.0,0.0,1.0,1.0,0.0,0.0,0.0,1.0,0.0,0.0,0.0,1.0,1345.200806,0.0,429.549312,0.0,0.0,1353.838257,369.393325,0.0,0.0,0.0,1.0,0.0,0,0,0,0,0,0,0
1509044731283211746,7,0,,600,800,plumb_bob,-0.050937,-0.096261,0.011851,0.008042,0.0,1352.72968,0.0,426.573376,0.0,1362.529057,366.755119,0.0,0.0,1.0,1.0,0.0,0.0,0.0,1.0,0.0,0.0,0.0,1.0,1345.200806,0.0,429.549312,0.0,0.0,1353.838257,369.393325,0.0,0.0,0.0,1.0,0.0,0,0,0,0,0,0,0
1509044731383147312,8,0,,600,800,plumb_bob,-0.050937,-0.096261,0.011851,0.008042,0.0,1352.72968,0.0,426.573376,0.0,1362.529057,366.755119,0.0,0.0,1.0,1.0,0.0,0.0,0.0,1.0,0.0,0.0,0.0,1.0,1345.200806,0.0,429.549312,0.0,0.0,1353.838257,369.393325,0.0,0.0,0.0,1.0,0.0,0,0,0,0,0,0,0
1509044731483202178,9,0,,600,800,plumb_bob,-0.050937,-0.096261,0.011851,0.008042,0.0,1352.72968,0.0,426.573376,0.0,1362.529057,366.755119,0.0,0.0,1.0,1.0,0.0,0.0,0.0,1.0,0.0,0.0,0.0,1.0,1345.200806,0.0,429.549312,0.0,0.0,1353.838257,369.393325,0.0,0.0,0.0,1.0,0.0,0,0,0,0,0,0,0
1509044731583202484,10,0,,600,800,plumb_bob,-0.050937,-0.096261,0.011851,0.008042,0.0,1352.72968,0.0,426.573376,0.0,1362.529057,366.755119,0.0,0.0,1.0,1.0,0.0,0.0,0.0,1.0,0.0,0.0,0.0,1.0,1345.200806,0.0,429.549312,0.0,0.0,1353.838257,369.393325,0.0,0.0,0.0,1.0,0.0,0,0,0,0,0,0,0
1509044731683290501,11,0,,600,800,plumb_bob,-0.050937,-0.096261,0.011851,0.008042,0.0,1352.72968,0.0,426.573376,0.0,1362.529057,366.755119,0.0,0.0,1.0,1.0,0.0,0.0,0.0,1.0,0.0,0.0,0.0,1.0,1345.200806,0.0,429.549312,0.0,0.0,1353.838257,369.393325,0.0,0.0,0.0,1.0,0.0,0,0,0,0,0,0,0
1509044731783213471,12,0,,600,800,plumb_bob,-0.050937,-0.096261,0.011851,0.008042,0.0,1352.72968,0.0,426.573376,0.0,1362.529057,366.755119,0.0,0.0,1.0,1.0,0.0,0.0,0.0,1.0,0.0,0.0,0.0,1.0,1345.200806,0.0,429.549312,0.0,0.0,1353.838257,369.393325,0.0,0.0,0.0,1.0,0.0,0,0,0,0,0,0,0
1509044731883272241,13,0,,600,800,plumb_bob,-0.050937,-0.096261,0.011851,0.008042,0.0,1352.72968,0.0,426.573376,0.0,1362.529057,366.755119,0.0,0.0,1.0,1.0,0.0,0.0,0.0,1.0,0.0,0.0,0.0,1.0,1345.200806,0.0,429.549312,0.0,0.0,1353.838257,369.393325,0.0,0.0,0.0,1.0,0.0,0,0,0,0,0,0,0
1509044731983206211,14,0,,600,800,plumb_bob,-0.050937,-0.096261,0.011851,0.008042,0.0,1352.72968,0.0,426.573376,0.0,1362.529057,366.755119,0.0,0.0,1.0,1.0,0.0,0.0,0.0,1.0,0.0,0.0,0.0,1.0,1345.200806,0.0,429.549312,0.0,0.0,1353.838257,369.393325,0.0,0.0,0.0,1.0,0.0,0,0,0,0,0,0,0
1509044732083166594,15,0,,600,800,plumb_bob,-0.050937,-0.096261,0.011851,0.008042,0.0,1352.72968,0.0,426.573376,0.0,1362.529057,366.755119,0.0,0.0,1.0,1.0,0.0,0.0,0.0,1.0,0.0,0.0,0.0,1.0,1345.200806,0.0,429.549312,0.0,0.0,1353.838257,369.393325,0.0,0.0,0.0,1.0,0.0,0,0,0,0,0,0,0
1509044732183397378,16,0,,600,800,plumb_bob,-0.050937,-0.096261,0.011851,0.008042,0.0,1352.72968,0.0,426.573376,0.0,1362.529057,366.755119,0.0,0.0,1.0,1.0,0.0,0.0,0.0,1.0,0.0,0.0,0.0,1.0,1345.200806,0.0,429.549312,0.0,0.0,1353.838257,369.393325,0.0,0.0,0.0,1.0,0.0,0,0,0,0,0,0,0
1509044732283263441,17,0,,600,800,plumb_bob,-0.050937,-0.096261,0.011851,0.008042,0.0,1352.72968,0.0,426.573376,0.0,1362.529057,366.755119,0.0,0.0,1.0,1.0,0.0,0.0,0.0,1.0,0.0,0.0,0.0,1.0,1345.200806,0.0,429.549312,0.0,0.0,1353.838257,369.393325,0.0,0.0,0.0,1.0,0.0,0,0,0,0,0,0,0
1509044732383275167,18,0,,600,800,plumb_bob,-0.050937,-0.096261,0.011851,0.008042,0.0,1352.72968,0.0,426.573376,0.0,1362.529057,366.755119,0.0,0.0,1.0,1.0,0.0,0.0,0.0,1.0,0.0,0.0,0.0,1.0,1345.200806,0.0,429.549312,0.0,0.0,1353.838257,369.393325,0.0,0.0,0.0,1.0,0.0,0,0,0,0,0,0,0
1509044732483180680,19,0,,600,800,plumb_bob,-0.050937,-0.096261,0.011851,0.008042,0.0,1352.72968,0.0,426.573376,0.0,1362.529057,366.755119,0.0,0.0,1.0,1.0,0.0,0.0,0.0,1.0,0.0,0.0,0.0,1.0,1345.200806,0.0,429.549312,0.0,0.0,1353.838257,369.393325,0.0,0.0,0.0,1.0,0.0,0,0,0,0,0,0,0
1509044732583179862,20,0,,600,800,plumb_bob,-0.050937,-0.096261,0.011851,0.008042,0.0,1352.72968,0.0,426.573376,0.0,1362.529057,366.755119,0.0,0.0,1.0,1.0,0.0,0.0,0.0,1.0,0.0,0.0,0.0,1.0,1345.200806,0.0,429.549312,0.0,0.0,1353.838257,369.393325,0.0,0.0,0.0,1.0,0.0,0,0,0,0,0,0,0
1509044732683277483,21,0,,600,800,plumb_bob,-0.050937,-0.096261,0.011851,0.008042,0.0,1352.72968,0.0,426.573376,0.0,1362.529057,366.755119,0.0,0.0,1.0,1.0,0.0,0.0,0.0,1.0,0.0,0.0,0.0,1.0,1345.200806,0.0,429.549312,0.0,0.0,1353.838257,369.393325,0.0,0.0,0.0,1.0,0.0,0,0,0,0,0,0,0
1509044732783148507,22,0,,600,800,plumb_bob,-0.050937,-0.096261,0.011851,0.008042,0.0,1352.72968,0.0,426.573376,0.0,1362.529057,366.755119,0.0,0.0,1.0,1.0,0.0,0.0,0.0,1.0,0.0,0.0,0.0,1.0,1345.200806,0.0,429.549312,0.0,0.0,1353.838257,369.393325,0.0,0.0,0.0,1.0,0.0,0,0,0,0,0,0,0
1509044732883223190,23,0,,600,800,plumb_bob,-0.050937,-0.096261,0.011851,0.008042,0.0,1352.72968,0.0,426.573376,0.0,1362.529057,366.755119,0.0,0.0,1.0,1.0,0.0,0.0,0.0,1.0,0.0,0.0,0.0,1.0,1345.200806,0.0,429.549312,0.0,0.0,1353.838257,369.393325,0.0,0.0,0.0,1.0,0.0,0,0,0,0,0,0,0
1509044732983218578,24,0,,600,800,plumb_bob,-0.050937,-0.096261,0.011851,0.008042,0.0,1352.72968,0.0,426.573376,0.0,1362.529057,366.755119,0.0,0.0,1.0,1.0,0.0,0.0,0.0,1.0,0.0,0.0,0.0,1.0,1345.200806,0.0,429.549312,0.0,0.0,1353.838257,369.393325,0.0,0.0,0.0,1.0,0.0,0,0,0,0,0,0,0
1509044733083204280,25,0,,600,800,plumb_bob,-0.050937,-0.096261,0.011851,0.008042,0.0,1352.72968,0.0,426.573376,0.0,1362.529057,366.755119,0.0,0.0,1.0,1.0,0.0,0.0,0.0,1.0,0.0,0.0,0.0,1.0,1345.200806,0.0,429.549312,0.0,0.0,1353.838257,369.393325,0.0,0.0,0.0,1.0,0.0,0,0,0,0,0,0,0
1509044733183217982,26,0,,600,800,plumb_bob,-0.050937,-0.096261,0.011851,0.008042,0.0,1352.72968,0.0,426.573376,0.0,1362.529057,366.755119,0.0,0.0,1.0,1.0,0.0,0.0,0.0,1.0,0.0,0.0,0.0,1.0,1345.200806,0.0,429.549312,0.0,0.0,1353.838257,369.393325,0.0,0.0,0.0,1.0,0.0,0,0,0,0,0,0,0
1509044733283256569,27,0,,600,800,plumb_bob,-0.050937,-0.096261,0.011851,0.008042,0.0,1352.72968,0.0,426.573376,0.0,1362.529057,366.755119,0.0,0.0,1.0,1.0,0.0,0.0,0.0,1.0,0.0,0.0,0.0,1.0,1345.200806,0.0,429.549312,0.0,0.0,1353.838257,369.393325,0.0,0.0,0.0,1.0,0.0,0,0,0,0,0,0,0
1509044733383263528,28,0,,600,800,plumb_bob,-0.050937,-0.096261,0.011851,0.008042,0.0,1352.72968,0.0,426.573376,0.0,1362.529057,366.755119,0.0,0.0,1.0,1.0,0.0,0.0,0.0,1.0,0.0,0.0,0.0,1.0,1345.200806,0.0,429.549312,0.0,0.0,1353.838257,369.393325,0.0,0.0,0.0,1.0,0.0,0,0,0,0,0,0,0
1509044733484400501,29,0,,600,800,plumb_bob,-0.050937,-0.096261,0.011851,0.008042,0.0,1352.72968,0.0,426.573376,0.0,1362.529057,366.755119,0.0,0.0,1.0,1.0,0.0,0.0,0.0,1.0,0.0,0.0,0.0,1.0,1345.200806,0.0,429.549312,0.0,0.0,1353.838257,369.393325,0.0,0.0,0.0,1.0,0.0,0,0,0,0,0,0,0
1509044733583220170,30,0,,600,800,plumb_bob,-0.050937,-0.096261,0.011851,0.008042,0.0,1352.72968,0.0,426.573376,0.0,1362.529057,366.755119,0.0,0.0,1.0,1.0,0.0,0.0,0.0,1.0,0.0,0.0,0.0,1.0,1345.200806,0.0,429.549312,0.0,0.0,1353.838257,369.393325,0.0,0.0,0.0,1.0,0.0,0,0,0,0,0,0,0
1509044733683200576,31,0,,600,800,plumb_bob,-0.050937,-0.096261,0.011851,0.008042,0.0,1352.72968,0.0,426.573376,0.0,1362.529057,366.755119,0.0,0.0,1.0,1.0,0.0,0.0,0.0,1.0,0.0,0.0,0.0,1.0,1345.200806,0.0,429.549312,0.0,0.0,1353.838257,369.393325,0.0,0.0,0.0,1.0,0.0,0,0,0,0,0,0,0
1509044733783170869,32,0,,600,800,plumb_bob,-0.050937,-0.096261,0.011851,0.008042,0.0,1352.72968,0.0,426.573376,0.0,1362.529057,366.755119,0.0,0.0,1.0,1.0,0.0,0.0,0.0,1.0,0.0,0.0,0.0,1.0,1345.200806,0.0,429.549312,0.0,0.0,1353.838257,369.393325,0.0,0.0,0.0,1.0,0.0,0,0,0,0,0,0,0
1509044733883159299,33,0,,600,800,plumb_bob,-0.050937,-0.096261,0.011851,0.008042,0.0,1352.72968,0.0,426.573376,0.0,1362.529057,366.755119,0.0,0.0,1.0,1.0,0.0,0.0,0.0,1.0,0.0,0.0,0.0,1.0,1345.200806,0.0,429.549312,0.0,0.0,1353.838257,369.393325,0.0,0.0,0.0,1.0,0.0,0,0,0,0,0,0,0
1509044733983200251,34,0,,600,800,plumb_bob,-0.050937,-0.096261,0.011851,0.008042,0.0,1352.72968,0.0,426.573376,0.0,1362.529057,366.755119,0.0,0.0,1.0,1.0,0.0,0.0,0.0,1.0,0.0,0.0,0.0,1.0,1345.200806,0.0,429.549312,0.0,0.0,1353.838257,369.393325,0.0,0.0,0.0,1.0,0.0,0,0,0,0,0,0,0
1509044734083159419,35,0,,600,800,plumb_bob,-0.050937,-0.096261,0.011851,0.008042,0.0,1352.72968,0.0,426.573376,0.0,1362.529057,366.755119,0.0,0.0,1.0,1.0,0.0,0.0,0.0,1.0,0.0,0.0,0.0,1.0,1345.200806,0.0,429.549312,0.0,0.0,1353.838257,369.393325,0.0,0.0,0.0,1.0,0.0,0,0,0,0,0,0,0
1509044734183219963,36,0,,600,800,plumb_bob,-0.050937,-0.096261,0.011851,0.008042,0.0,1352.72968,0.0,426.573376,0.0,1362.529057,366.755119,0.0,0.0,1.0,1.0,0.0,0.0,0.0,1.0,0.0,0.0,0.0,1.0,1345.200806,0.0,429.549312,0.0,0.0,1353.838257,369.393325,0.0,0.0,0.0,1.0,0.0,0,0,0,0,0,0,0
1509044734283156718,37,0,,600,800,plumb_bob,-0.050937,-0.096261,0.011851,0.008042,0.0,1352.72968,0.0,426.573376,0.0,1362.529057,366.755119,0.0,0.0,1.0,1.0,0.0,0.0,0.0,1.0,0.0,0.0,0.0,1.0,1345.200806,0.0,429.549312,0.0,0.0,1353.838257,369.393325,0.0,0.0,0.0,1.0,0.0,0,0,0,0,0,0,0
1509044734383221923,38,0,,600,800,plumb_bob,-0.050937,-0.096261,0.011851,0.008042,0.0,1352.72968,0.0,426.573376,0.0,1362.529057,366.755119,0.0,0.0,1.0,1.0,0.0,0.0,0.0,1.0,0.0,0.0,0.0,1.0,1345.200806,0.0,429.549312,0.0,0.0,1353.838257,369.393325,0.0,0.0,0.0,1.0,0.0,0,0,0,0,0,0,0
1509044734483156119,39,0,,600,800,plumb_bob,-0.050937,-0.096261,0.011851,0.008042,0.0,1352.72968,0.0,426.573376,0.0,1362.529057,366.755119,0.0,0.0,1.0,1.0,0.0,0.0,0.0,1.0,0.0,0.0,0.0,1.0,1345.200806,0.0,429.549312,0.0,0.0,1353.838257,369.393325,0.0,0.0,0.0,1.0,0.0,0,0,0,0,0,0,0
1509044734583298349,40,0,,600,800,plumb_bob,-0.050937,-0.096261,0.011851,0.008042,0.0,1352.72968,0.0,426.573376,0.0,1362.529057,366.755119,0.0,0.0,1.0,1.0,0.0,0.0,0.0,1.0,0.0,0.0,0.0,1.0,1345.200806,0.0,429.549312,0.0,0.0,1353.838257,369.393325,0.0,0.0,0.0,1.0,0.0,0,0,0,0,0,0,0
1509044734683189326,41,0,,600,800,plumb_bob,-0.050937,-0.096261,0.011851,0.008042,0.0,1352.72968,0.0,426.573376,0.0,1362.529057,366.755119,0.0,0.0,1.0,1.0,0.0,0.0,0.0,1.0,0.0,0.0,0.0,1.0,1345.200806,0.0,429.549312,0.0,0.0,1353.838257,369.393325,0.0,0.0,0.0,1.0,0.0,0,0,0,0,0,0,0
1509044734783183519,42,0,,600,800,plumb_bob,-0.050937,-0.096261,0.011851,0.008042,0.0,1352.72968,0.0,426.573376,0.0,1362.529057,366.755119,0.0,0.0,1.0,1.0,0.0,0.0,0.0,1.0,0.0,0.0,0.0,1.0,1345.200806,0.0,429.549312,0.0,0.0,1353.838257,369.393325,0.0,0.0,0.0,1.0,0.0,0,0,0,0,0,0,0
1509044734883461065,43,0,,600,800,plumb_bob,-0.050937,-0.096261,0.011851,0.008042,0.0,1352.72968,0.0,426.573376,0.0,1362.529057,366.755119,0.0,0.0,1.0,1.0,0.0,0.0,0.0,1.0,0.0,0.0,0.0,1.0,1345.200806,0.0,429.549312,0.0,0.0,1353.838257,369.393325,0.0,0.0,0.0,1.0,0.0,0,0,0,0,0,0,0
1509044734983404057,44,0,,600,800,plumb_bob,-0.050937,-0.096261,0.011851,0.008042,0.0,1352.72968,0.0,426.573376,0.0,1362.529057,366.755119,0.0,0.0,1.0,1.0,0.0,0.0,0.0,1.0,0.0,0.0,0.0,1.0,1345.200806,0.0,429.549312,0.0,0.0,1353.838257,369.393325,0.0,0.0,0.0,1.0,0.0,0,0,0,0,0,0,0
1509044735083288113,45,0,,600,800,plumb_bob,-0.050937,-0.096261,0.011851,0.008042,0.0,1352.72968,0.0,426.573376,0.0,1362.529057,366.755119,0.0,0.0,1.0,1.0,0.0,0.0,0.0,1.0,0.0,0.0,0.0,1.0,1345.200806,0.0,429.549312,0.0,0.0,1353.838257,369.393325,0.0,0.0,0.0,1.0,0.0,0,0,0,0,0,0,0
1509044735183423968,46,0,,600,800,plumb_bob,-0.050937,-0.096261,0.011851,0.008042,0.0,1352.72968,0.0,426.573376,0.0,1362.529057,366.755119,0.0,0.0,1.0,1.0,0.0,0.0,0.0,1.0,0.0,0.0,0.0,1.0,1345.200806,0.0,429.549312,0.0,0.0,1353.838257,369.393325,0.0,0.0,0.0,1.0,0.0,0,0,0,0,0,0,0
1509044735283310753,47,0,,600,800,plumb_bob,-0.050937,-0.096261,0.011851,0.008042,0.0,1352.72968,0.0,426.573376,0.0,1362.529057,366.755119,0.0,0.0,1.0,1.0,0.0,0.0,0.0,1.0,0.0,0.0,0.0,1.0,1345.200806,0.0,429.549312,0.0,0.0,1353.838257,369.393325,0.0,0.0,0.0,1.0,0.0,0,0,0,0,0,0,0
1509044735383395440,48,0,,600,800,plumb_bob,-0.050937,-0.096261,0.011851,0.008042,0.0,1352.72968,0.0,426.573376,0.0,1362.529057,366.755119,0.0,0.0,1.0,1.0,0.0,0.0,0.0,1.0,0.0,0.0,0.0,1.0,1345.200806,0.0,429.549312,0.0,0.0,1353.838257,369.393325,0.0,0.0,0.0,1.0,0.0,0,0,0,0,0,0,0
1509044735483355743,49,0,,600,800,plumb_bob,-0.050937,-0.096261,0.011851,0.008042,0.0,1352.72968,0.0,426.573376,0.0,1362.529057,366.755119,0.0,0.0,1.0,1.0,0.0,0.0,0.0,1.0,0.0,0.0,0.0,1.0,1345.200806,0.0,429.549312,0.0,0.0,1353.838257,369.393325,0.0,0.0,0.0,1.0,0.0,0,0,0,0,0,0,0
1509044735583301715,50,0,,600,800,plumb_bob,-0.050937,-0.096261,0.011851,0.008042,0.0,1352.72968,0.0,426.573376,0.0,1362.529057,366.755119,0.0,0.0,1.0,1.0,0.0,0.0,0.0,1.0,0.0,0.0,0.0,1.0,1345.200806,0.0,429.549312,0.0,0.0,1353.838257,369.393325,0.0,0.0,0.0,1.0,0.0,0,0,0,0,0,0,0
1509044735683260370,51,0,,600,800,plumb_bob,-0.050937,-0.096261,0.011851,0.008042,0.0,1352.72968,0.0,426.573376,0.0,1362.529057,366.755119,0.0,0.0,1.0,1.0,0.0,0.0,0.0,1.0,0.0,0.0,0.0,1.0,1345.200806,0.0,429.549312,0.0,0.0,1353.838257,369.393325,0.0,0.0,0.0,1.0,0.0,0,0,0,0,0,0,0
1509044735783132962,52,0,,600,800,plumb_bob,-0.050937,-0.096261,0.011851,0.008042,0.0,1352.72968,0.0,426.573376,0.0,1362.529057,366.755119,0.0,0.0,1.0,1.0,0.0,0.0,0.0,1.0,0.0,0.0,0.0,1.0,1345.200806,0.0,429.549312,0.0,0.0,1353.838257,369.393325,0.0,0.0,0.0,1.0,0.0,0,0,0,0,0,0,0
1509044735883194683,53,0,,600,800,plumb_bob,-0.050937,-0.096261,0.011851,0.008042,0.0,1352.72968,0.0,426.573376,0.0,1362.529057,366.755119,0.0,0.0,1.0,1.0,0.0,0.0,0.0,1.0,0.0,0.0,0.0,1.0,1345.200806,0.0,429.549312,0.0,0.0,1353.838257,369.393325,0.0,0.0,0.0,1.0,0.0,0,0,0,0,0,0,0
1509044735983293976,54,0,,600,800,plumb_bob,-0.050937,-0.096261,0.011851,0.008042,0.0,1352.72968,0.0,426.573376,0.0,1362.529057,366.755119,0.0,0.0,1.0,1.0,0.0,0.0,0.0,1.0,0.0,0.0,0.0,1.0,1345.200806,0.0,429.549312,0.0,0.0,1353.838257,369.393325,0.0,0.0,0.0,1.0,0.0,0,0,0,0,0,0,0
1509044736083212608,55,0,,600,800,plumb_bob,-0.050937,-0.096261,0.011851,0.008042,0.0,1352.72968,0.0,426.573376,0.0,1362.529057,366.755119,0.0,0.0,1.0,1.0,0.0,0.0,0.0,1.0,0.0,0.0,0.0,1.0,1345.200806,0.0,429.549312,0.0,0.0,1353.838257,369.393325,0.0,0.0,0.0,1.0,0.0,0,0,0,0,0,0,0
1509044736183197009,56,0,,600,800,plumb_bob,-0.050937,-0.096261,0.011851,0.008042,0.0,1352.72968,0.0,426.573376,0.0,1362.529057,366.755119,0.0,0.0,1.0,1.0,0.0,0.0,0.0,1.0,0.0,0.0,0.0,1.0,1345.200806,0.0,429.549312,0.0,0.0,1353.838257,369.393325,0.0,0.0,0.0,1.0,0.0,0,0,0,0,0,0,0
1509044736283200711,57,0,,600,800,plumb_bob,-0.050937,-0.096261,0.011851,0.008042,0.0,1352.72968,0.0,426.573376,0.0,1362.529057,366.755119,0.0,0.0,1.0,1.0,0.0,0.0,0.0,1.0,0.0,0.0,0.0,1.0,1345.200806,0.0,429.549312,0.0,0.0,1353.838257,369.393325,0.0,0.0,0.0,1.0,0.0,0,0,0,0,0,0,0
1509044736383216456,58,0,,600,800,plumb_bob,-0.050937,-0.096261,0.011851,0.008042,0.0,1352.72968,0.0,426.573376,0.0,1362.529057,366.755119,0.0,0.0,1.0,1.0,0.0,0.0,0.0,1.0,0.0,0.0,0.0,1.0,1345.200806,0.0,429.549312,0.0,0.0,1353.838257,369.393325,0.0,0.0,0.0,1.0,0.0,0,0,0,0,0,0,0
1509044736483272089,59,0,,600,800,plumb_bob,-0.050937,-0.096261,0.011851,0.008042,0.0,1352.72968,0.0,426.573376,0.0,1362.529057,366.755119,0.0,0.0,1.0,1.0,0.0,0.0,0.0,1.0,0.0,0.0,0.0,1.0,1345.200806,0.0,429.549312,0.0,0.0,1353.838257,369.393325,0.0,0.0,0.0,1.0,0.0,0,0,0,0,0,0,0
1509044736583222564,60,0,,600,800,plumb_bob,-0.050937,-0.096261,0.011851,0.008042,0.0,1352.72968,0.0,426.573376,0.0,1362.529057,366.755119,0.0,0.0,1.0,1.0,0.0,0.0,0.0,1.0,0.0,0.0,0.0,1.0,1345.200806,0.0,429.549312,0.0,0.0,1353.838257,369.393325,0.0,0.0,0.0,1.0,0.0,0,0,0,0,0,0,0
1509044736683231711,61,0,,600,800,plumb_bob,-0.050937,-0.096261,0.011851,0.008042,0.0,1352.72968,0.0,426.573376,0.0,1362.529057,366.755119,0.0,0.0,1.0,1.0,0.0,0.0,0.0,1.0,0.0,0.0,0.0,1.0,1345.200806,0.0,429.549312,0.0,0.0,1353.838257,369.393325,0.0,0.0,0.0,1.0,0.0,0,0,0,0,0,0,0
1509044736783281264,62,0,,600,800,plumb_bob,-0.050937,-0.096261,0.011851,0.008042,0.0,1352.72968,0.0,426.573376,0.0,1362.529057,366.755119,0.0,0.0,1.0,1.0,0.0,0.0,0.0,1.0,0.0,0.0,0.0,1.0,1345.200806,0.0,429.549312,0.0,0.0,1353.838257,369.393325,0.0,0.0,0.0,1.0,0.0,0,0,0,0,0,0,0
1509044736883150853,63,0,,600,800,plumb_bob,-0.050937,-0.096261,0.011851,0.008042,0.0,1352.72968,0.0,426.573376,0.0,1362.529057,366.755119,0.0,0.0,1.0,1.0,0.0,0.0,0.0,1.0,0.0,0.0,0.0,1.0,1345.200806,0.0,429.549312,0.0,0.0,1353.838257,369.393325,0.0,0.0,0.0,1.0,0.0,0,0,0,0,0,0,0
1509044736983191283,64,0,,600,800,plumb_bob,-0.050937,-0.096261,0.011851,0.008042,0.0,1352.72968,0.0,426.573376,0.0,1362.529057,366.755119,0.0,0.0,1.0,1.0,0.0,0.0,0.0,1.0,0.0,0.0,0.0,1.0,1345.200806,0.0,429.549312,0.0,0.0,1353.838257,369.393325,0.0,0.0,0.0,1.0,0.0,0,0,0,0,0,0,0
1509044737083242690,65,0,,600,800,plumb_bob,-0.050937,-0.096261,0.011851,0.008042,0.0,1352.72968,0.0,426.573376,0.0,1362.529057,366.755119,0.0,0.0,1.0,1.0,0.0,0.0,0.0,1.0,0.0,0.0,0.0,1.0,1345.200806,0.0,429.549312,0.0,0.0,1353.838257,369.393325,0.0,0.0,0.0,1.0,0.0,0,0,0,0,0,0,0
1509044737183170684,66,0,,600,800,plumb_bob,-0.050937,-0.096261,0.011851,0.008042,0.0,1352.72968,0.0,426.573376,0.0,1362.529057,366.755119,0.0,0.0,1.0,1.0,0.0,0.0,0.0,1.0,0.0,0.0,0.0,1.0,1345.200806,0.0,429.549312,0.0,0.0,1353.838257,369.393325,0.0,0.0,0.0,1.0,0.0,0,0,0,0,0,0,0
1509044737283204707,67,0,,600,800,plumb_bob,-0.050937,-0.096261,0.011851,0.008042,0.0,1352.72968,0.0,426.573376,0.0,1362.529057,366.755119,0.0,0.0,1.0,1.0,0.0,0.0,0.0,1.0,0.0,0.0,0.0,1.0,1345.200806,0.0,429.549312,0.0,0.0,1353.838257,369.393325,0.0,0.0,0.0,1.0,0.0,0,0,0,0,0,0,0
1509044737383158178,68,0,,600,800,plumb_bob,-0.050937,-0.096261,0.011851,0.008042,0.0,1352.72968,0.0,426.573376,0.0,1362.529057,366.755119,0.0,0.0,1.0,1.0,0.0,0.0,0.0,1.0,0.0,0.0,0.0,1.0,1345.200806,0.0,429.549312,0.0,0.0,1353.838257,369.393325,0.0,0.0,0.0,1.0,0.0,0,0,0,0,0,0,0
1509044737483180979,69,0,,600,800,plumb_bob,-0.050937,-0.096261,0.011851,0.008042,0.0,1352.72968,0.0,426.573376,0.0,1362.529057,366.755119,0.0,0.0,1.0,1.0,0.0,0.0,0.0,1.0,0.0,0.0,0.0,1.0,1345.200806,0.0,429.549312,0.0,0.0,1353.838257,369.393325,0.0,0.0,0.0,1.0,0.0,0,0,0,0,0,0,0
1509044737583154300,70,0,,600,800,plumb_bob,-0.050937,-0.096261,0.011851,0.008042,0.0,1352.72968,0.0,426.573376,0.0,1362.529057,366.755119,0.0,0.0,1.0,1.0,0.0,0.0,0.0,1.0,0.0,0.0,0.0,1.0,1345.200806,0.0,429.549312,0.0,0.0,1353.838257,369.393325,0.0,0.0,0.0,1.0,0.0,0,0,0,0,0,0,0
1509044737683156573,71,0,,600,800,plumb_bob,-0.050937,-0.096261,0.011851,0.008042,0.0,1352.72968,0.0,426.573376,0.0,1362.529057,366.755119,0.0,0.0,1.0,1.0,0.0,0.0,0.0,1.0,0.0,0.0,0.0,1.0,1345.200806,0.0,429.549312,0.0,0.0,1353.838257,369.393325,0.0,0.0,0.0,1.0,0.0,0,0,0,0,0,0,0
1509044737783183737,72,0,,600,800,plumb_bob,-0.050937,-0.096261,0.011851,0.008042,0.0,1352.72968,0.0,426.573376,0.0,1362.529057,366.755119,0.0,0.0,1.0,1.0,0.0,0.0,0.0,1.0,0.0,0.0,0.0,1.0,1345.200806,0.0,429.549312,0.0,0.0,1353.838257,369.393325,0.0,0.0,0.0,1.0,0.0,0,0,0,0,0,0,0
1509044737883178564,73,0,,600,800,plumb_bob,-0.050937,-0.096261,0.011851,0.008042,0.0,1352.72968,0.0,426.573376,0.0,1362.529057,366.755119,0.0,0.0,1.0,1.0,0.0,0.0,0.0,1.0,0.0,0.0,0.0,1.0,1345.200806,0.0,429.549312,0.0,0.0,1353.838257,369.393325,0.0,0.0,0.0,1.0,0.0,0,0,0,0,0,0,0
1509044737983073178,74,0,,600,800,plumb_bob,-0.050937,-0.096261,0.011851,0.008042,0.0,1352.72968,0.0,426.573376,0.0,1362.529057,366.755119,0.0,0.0,1.0,1.0,0.0,0.0,0.0,1.0,0.0,0.0,0.0,1.0,1345.200806,0.0,429.549312,0.0,0.0,1353.838257,369.393325,0.0,0.0,0.0,1.0,0.0,0,0,0,0,0,0,0
1509044738083232092,75,0,,600,800,plumb_bob,-0.050937,-0.096261,0.011851,0.008042,0.0,1352.72968,0.0,426.573376,0.0,1362.529057,366.755119,0.0,0.0,1.0,1.0,0.0,0.0,0.0,1.0,0.0,0.0,0.0,1.0,1345.200806,0.0,429.549312,0.0,0.0,1353.838257,369.393325,0.0,0.0,0.0,1.0,0.0,0,0,0,0,0,0,0
1509044738183164567,76,0,,600,800,plumb_bob,-0.050937,-0.096261,0.011851,0.008042,0.0,1352.72968,0.0,426.573376,0.0,1362.529057,366.755119,0.0,0.0,1.0,1.0,0.0,0.0,0.0,1.0,0.0,0.0,0.0,1.0,1345.200806,0.0,429.549312,0.0,0.0,1353.838257,369.393325,0.0,0.0,0.0,1.0,0.0,0,0,0,0,0,0,0
1509044738283097274,77,0,,600,800,plumb_bob,-0.050937,-0.096261,0.011851,0.008042,0.0,1352.72968,0.0,426.573376,0.0,1362.529057,366.755119,0.0,0.0,1.0,1.0,0.0,0.0,0.0,1.0,0.0,0.0,0.0,1.0,1345.200806,0.0,429.549312,0.0,0.0,1353.838257,369.393325,0.0,0.0,0.0,1.0,0.0,0,0,0,0,0,0,0
1509044738383181509,78,0,,600,800,plumb_bob,-0.050937,-0.096261,0.011851,0.008042,0.0,1352.72968,0.0,426.573376,0.0,1362.529057,366.755119,0.0,0.0,1.0,1.0,0.0,0.0,0.0,1.0,0.0,0.0,0.0,1.0,1345.200806,0.0,429.549312,0.0,0.0,1353.838257,369.393325,0.0,0.0,0.0,1.0,0.0,0,0,0,0,0,0,0
1509044738483247835,79,0,,600,800,plumb_bob,-0.050937,-0.096261,0.011851,0.008042,0.0,1352.72968,0.0,426.573376,0.0,1362.529057,366.755119,0.0,0.0,1.0,1.0,0.0,0.0,0.0,1.0,0.0,0.0,0.0,1.0,1345.200806,0.0,429.549312,0.0,0.0,1353.838257,369.393325,0.0,0.0,0.0,1.0,0.0,0,0,0,0,0,0,0
1509044738583187087,80,0,,600,800,plumb_bob,-0.050937,-0.096261,0.011851,0.008042,0.0,1352.72968,0.0,426.573376,0.0,1362.529057,366.755119,0.0,0.0,1.0,1.0,0.0,0.0,0.0,1.0,0.0,0.0,0.0,1.0,1345.200806,0.0,429.549312,0.0,0.0,1353.838257,369.393325,0.0,0.0,0.0,1.0,0.0,0,0,0,0,0,0,0
1509044738683165816,81,0,,600,800,plumb_bob,-0.050937,-0.096261,0.011851,0.008042,0.0,1352.72968,0.0,426.573376,0.0,1362.529057,366.755119,0.0,0.0,1.0,1.0,0.0,0.0,0.0,1.0,0.0,0.0,0.0,1.0,1345.200806,0.0,429.549312,0.0,0.0,1353.838257,369.393325,0.0,0.0,0.0,1.0,0.0,0,0,0,0,0,0,0
1509044738783285370,82,0,,600,800,plumb_bob,-0.050937,-0.096261,0.011851,0.008042,0.0,1352.72968,0.0,426.573376,0.0,1362.529057,366.755119,0.0,0.0,1.0,1.0,0.0,0.0,0.0,1.0,0.0,0.0,0.0,1.0,1345.200806,0.0,429.549312,0.0,0.0,1353.838257,369.393325,0.0,0.0,0.0,1.0,0.0,0,0,0,0,0,0,0
1509044738883219635,83,0,,600,800,plumb_bob,-0.050937,-0.096261,0.011851,0.008042,0.0,1352.72968,0.0,426.573376,0.0,1362.529057,366.755119,0.0,0.0,1.0,1.0,0.0,0.0,0.0,1.0,0.0,0.0,0.0,1.0,1345.200806,0.0,429.549312,0.0,0.0,1353.838257,369.393325,0.0,0.0,0.0,1.0,0.0,0,0,0,0,0,0,0
1509044738983547733,84,0,,600,800,plumb_bob,-0.050937,-0.096261,0.011851,0.008042,0.0,1352.72968,0.0,426.573376,0.0,1362.529057,366.755119,0.0,0.0,1.0,1.0,0.0,0.0,0.0,1.0,0.0,0.0,0.0,1.0,1345.200806,0.0,429.549312,0.0,0.0,1353.838257,369.393325,0.0,0.0,0.0,1.0,0.0,0,0,0,0,0,0,0
1509044739083224054,85,0,,600,800,plumb_bob,-0.050937,-0.096261,0.011851,0.008042,0.0,1352.72968,0.0,426.573376,0.0,1362.529057,366.755119,0.0,0.0,1.0,1.0,0.0,0.0,0.0,1.0,0.0,0.0,0.0,1.0,1345.200806,0.0,429.549312,0.0,0.0,1353.838257,369.393325,0.0,0.0,0.0,1.0,0.0,0,0,0,0,0,0,0
1509044739183222646,86,0,,600,800,plumb_bob,-0.050937,-0.096261,0.011851,0.008042,0.0,1352.72968,0.0,426.573376,0.0,1362.529057,366.755119,0.0,0.0,1.0,1.0,0.0,0.0,0.0,1.0,0.0,0.0,0.0,1.0,1345.200806,0.0,429.549312,0.0,0.0,1353.838257,369.393325,0.0,0.0,0.0,1.0,0.0,0,0,0,0,0,0,0
1509044739283276324,87,0,,600,800,plumb_bob,-0.050937,-0.096261,0.011851,0.008042,0.0,1352.72968,0.0,426.573376,0.0,1362.529057,366.755119,0.0,0.0,1.0,1.0,0.0,0.0,0.0,1.0,0.0,0.0,0.0,1.0,1345.200806,0.0,429.549312,0.0,0.0,1353.838257,369.393325,0.0,0.0,0.0,1.0,0.0,0,0,0,0,0,0,0
1509044739383270715,88,0,,600,800,plumb_bob,-0.050937,-0.096261,0.011851,0.008042,0.0,1352.72968,0.0,426.573376,0.0,1362.529057,366.755119,0.0,0.0,1.0,1.0,0.0,0.0,0.0,1.0,0.0,0.0,0.0,1.0,1345.200806,0.0,429.549312,0.0,0.0,1353.838257,369.393325,0.0,0.0,0.0,1.0,0.0,0,0,0,0,0,0,0
1509044739483086642,89,0,,600,800,plumb_bob,-0.050937,-0.096261,0.011851,0.008042,0.0,1352.72968,0.0,426.573376,0.0,1362.529057,366.755119,0.0,0.0,1.0,1.0,0.0,0.0,0.0,1.0,0.0,0.0,0.0,1.0,1345.200806,0.0,429.549312,0.0,0.0,1353.838257,369.393325,0.0,0.0,0.0,1.0,0.0,0,0,0,0,0,0,0
1509044739583355532,90,0,,600,800,plumb_bob,-0.050937,-0.096261,0.011851,0.008042,0.0,1352.72968,0.0,426.573376,0.0,1362.529057,366.755119,0.0,0.0,1.0,1.0,0.0,0.0,0.0,1.0,0.0,0.0,0.0,1.0,1345.200806,0.0,429.549312,0.0,0.0,1353.838257,369.393325,0.0,0.0,0.0,1.0,0.0,0,0,0,0,0,0,0
1509044739683183917,91,0,,600,800,plumb_bob,-0.050937,-0.096261,0.011851,0.008042,0.0,1352.72968,0.0,426.573376,0.0,1362.529057,366.755119,0.0,0.0,1.0,1.0,0.0,0.0,0.0,1.0,0.0,0.0,0.0,1.0,1345.200806,0.0,429.549312,0.0,0.0,1353.838257,369.393325,0.0,0.0,0.0,1.0,0.0,0,0,0,0,0,0,0
1509044739783305050,92,0,,600,800,plumb_bob,-0.050937,-0.096261,0.011851,0.008042,0.0,1352.72968,0.0,426.573376,0.0,1362.529057,366.755119,0.0,0.0,1.0,1.0,0.0,0.0,0.0,1.0,0.0,0.0,0.0,1.0,1345.200806,0.0,429.549312,0.0,0.0,1353.838257,369.393325,0.0,0.0,0.0,1.0,0.0,0,0,0,0,0,0,0
1509044739883179181,93,0,,600,800,plumb_bob,-0.050937,-0.096261,0.011851,0.008042,0.0,1352.72968,0.0,426.573376,0.0,1362.529057,366.755119,0.0,0.0,1.0,1.0,0.0,0.0,0.0,1.0,0.0,0.0,0.0,1.0,1345.200806,0.0,429.549312,0.0,0.0,1353.838257,369.393325,0.0,0.0,0.0,1.0,0.0,0,0,0,0,0,0,0
1509044739983252552,94,0,,600,800,plumb_bob,-0.050937,-0.096261,0.011851,0.008042,0.0,1352.72968,0.0,426.573376,0.0,1362.529057,366.755119,0.0,0.0,1.0,1.0,0.0,0.0,0.0,1.0,0.0,0.0,0.0,1.0,1345.200806,0.0,429.549312,0.0,0.0,1353.838257,369.393325,0.0,0.0,0.0,1.0,0.0,0,0,0,0,0,0,0
1509044740083200378,95,0,,600,800,plumb_bob,-0.050937,-0.096261,0.011851,0.008042,0.0,1352.72968,0.0,426.573376,0.0,1362.529057,366.755119,0.0,0.0,1.0,1.0,0.0,0.0,0.0,1.0,0.0,0.0,0.0,1.0,1345.200806,0.0,429.549312,0.0,0.0,1353.838257,369.393325,0.0,0.0,0.0,1.0,0.0,0,0,0,0,0,0,0
1509044740183196580,96,0,,600,800,plumb_bob,-0.050937,-0.096261,0.011851,0.008042,0.0,1352.72968,0.0,426.573376,0.0,1362.529057,366.755119,0.0,0.0,1.0,1.0,0.0,0.0,0.0,1.0,0.0,0.0,0.0,1.0,1345.200806,0.0,429.549312,0.0,0.0,1353.838257,369.393325,0.0,0.0,0.0,1.0,0.0,0,0,0,0,0,0,0
1509044740283160577,97,0,,600,800,plumb_bob,-0.050937,-0.096261,0.011851,0.008042,0.0,1352.72968,0.0,426.573376,0.0,1362.529057,366.755119,0.0,0.0,1.0,1.0,0.0,0.0,0.0,1.0,0.0,0.0,0.0,1.0,1345.200806,0.0,429.549312,0.0,0.0,1353.838257,369.393325,0.0,0.0,0.0,1.0,0.0,0,0,0,0,0,0,0
1509044740383236599,98,0,,600,800,plumb_bob,-0.050937,-0.096261,0.011851,0.008042,0.0,1352.72968,0.0,426.573376,0.0,1362.529057,366.755119,0.0,0.0,1.0,1.0,0.0,0.0,0.0,1.0,0.0,0.0,0.0,1.0,1345.200806,0.0,429.549312,0.0,0.0,1353.838257,369.393325,0.0,0.0,0.0,1.0,0.0,0,0,0,0,0,0,0
1509044740483112512,99,0,,600,800,plumb_bob,-0.050937,-0.096261,0.011851,0.008042,0.0,1352.72968,0.0,426.573376,0.0,1362.529057,366.755119,0.0,0.0,1.0,1.0,0.0,0.0,0.0,1.0,0.0,0.0,0.0,1.0,1345.200806,0.0,429.549312,0.0,0.0,1353.838257,369.393325,0.0,0.0,0.0,1.0,0.0,0,0,0,0,0,0,0
1509044740583255693,100,0,,600,800,plumb_bob,-0.050937,-0.096261,0.011851,0.008042,0.0,1352.72968,0.0,426.573376,0.0,1362.529057,366.755119,0.0,0.0,1.0,1.0,0.0,0.0,0.0,1.0,0.0,0.0,0.0,1.0,1345.200806,0.0,429.549312,0.0,0.0,1353.838257,369.393325,0.0,0.0,0.0,1.0,0.0,0,0,0,0,0,0,0
1509044740683173148,101,0,,600,800,plumb_bob,-0.050937,-0.096261,0.011851,0.008042,0.0,1352.72968,0.0,426.573376,0.0,1362.529057,366.755119,0.0,0.0,1.0,1.0,0.0,0.0,0.0,1.0,0.0,0.0,0.0,1.0,1345.200806,0.0,429.549312,0.0,0.0,1353.838257,369.393325,0.0,0.0,0.0,1.0,0.0,0,0,0,0,0,0,0
1509044740783183956,102,0,,600,800,plumb_bob,-0.050937,-0.096261,0.011851,0.008042,0.0,1352.72968,0.0,426.573376,0.0,1362.529057,366.755119,0.0,0.0,1.0,1.0,0.0,0.0,0.0,1.0,0.0,0.0,0.0,1.0,1345.200806,0.0,429.549312,0.0,0.0,1353.838257,369.393325,0.0,0.0,0.0,1.0,0.0,0,0,0,0,0,0,0
1509044740883191941,103,0,,600,800,plumb_bob,-0.050937,-0.096261,0.011851,0.008042,0.0,1352.72968,0.0,426.573376,0.0,1362.529057,366.755119,0.0,0.0,1.0,1.0,0.0,0.0,0.0,1.0,0.0,0.0,0.0,1.0,1345.200806,0.0,429.549312,0.0,0.0,1353.838257,369.393325,0.0,0.0,0.0,1.0,0.0,0,0,0,0,0,0,0
1509044740983241293,104,0,,600,800,plumb_bob,-0.050937,-0.096261,0.011851,0.008042,0.0,1352.72968,0.0,426.573376,0.0,1362.529057,366.755119,0.0,0.0,1.0,1.0,0.0,0.0,0.0,1.0,0.0,0.0,0.0,1.0,1345.200806,0.0,429.549312,0.0,0.0,1353.838257,369.393325,0.0,0.0,0.0,1.0,0.0,0,0,0,0,0,0,0
1509044741083155855,105,0,,600,800,plumb_bob,-0.050937,-0.096261,0.011851,0.008042,0.0,1352.72968,0.0,426.573376,0.0,1362.529057,366.755119,0.0,0.0,1.0,1.0,0.0,0.0,0.0,1.0,0.0,0.0,0.0,1.0,1345.200806,0.0,429.549312,0.0,0.0,1353.838257,369.393325,0.0,0.0,0.0,1.0,0.0,0,0,0,0,0,0,0
1509044741183230651,106,0,,600,800,plumb_bob,-0.050937,-0.096261,0.011851,0.008042,0.0,1352.72968,0.0,426.573376,0.0,1362.529057,366.755119,0.0,0.0,1.0,1.0,0.0,0.0,0.0,1.0,0.0,0.0,0.0,1.0,1345.200806,0.0,429.549312,0.0,0.0,1353.838257,369.393325,0.0,0.0,0.0,1.0,0.0,0,0,0,0,0,0,0
1509044741283253954,107,0,,600,800,plumb_bob,-0.050937,-0.096261,0.011851,0.008042,0.0,1352.72968,0.0,426.573376,0.0,1362.529057,366.755119,0.0,0.0,1.0,1.0,0.0,0.0,0.0,1.0,0.0,0.0,0.0,1.0,1345.200806,0.0,429.549312,0.0,0.0,1353.838257,369.393325,0.0,0.0,0.0,1.0,0.0,0,0,0,0,0,0,0
1509044741383332267,108,0,,600,800,plumb_bob,-0.050937,-0.096261,0.011851,0.008042,0.0,1352.72968,0.0,426.573376,0.0,1362.529057,366.755119,0.0,0.0,1.0,1.0,0.0,0.0,0.0,1.0,0.0,0.0,0.0,1.0,1345.200806,0.0,429.549312,0.0,0.0,1353.838257,369.393325,0.0,0.0,0.0,1.0,0.0,0,0,0,0,0,0,0
1509044741483127958,109,0,,600,800,plumb_bob,-0.050937,-0.096261,0.011851,0.008042,0.0,1352.72968,0.0,426.573376,0.0,1362.529057,366.755119,0.0,0.0,1.0,1.0,0.0,0.0,0.0,1.0,0.0,0.0,0.0,1.0,1345.200806,0.0,429.549312,0.0,0.0,1353.838257,369.393325,0.0,0.0,0.0,1.0,0.0,0,0,0,0,0,0,0
1509044741588112526,110,0,,600,800,plumb_bob,-0.050937,-0.096261,0.011851,0.008042,0.0,1352.72968,0.0,426.573376,0.0,1362.529057,366.755119,0.0,0.0,1.0,1.0,0.0,0.0,0.0,1.0,0.0,0.0,0.0,1.0,1345.200806,0.0,429.549312,0.0,0.0,1353.838257,369.393325,0.0,0.0,0.0,1.0,0.0,0,0,0,0,0,0,0
1509044741683227443,111,0,,600,800,plumb_bob,-0.050937,-0.096261,0.011851,0.008042,0.0,1352.72968,0.0,426.573376,0.0,1362.529057,366.755119,0.0,0.0,1.0,1.0,0.0,0.0,0.0,1.0,0.0,0.0,0.0,1.0,1345.200806,0.0,429.549312,0.0,0.0,1353.838257,369.393325,0.0,0.0,0.0,1.0,0.0,0,0,0,0,0,0,0
1509044741783226865,112,0,,600,800,plumb_bob,-0.050937,-0.096261,0.011851,0.008042,0.0,1352.72968,0.0,426.573376,0.0,1362.529057,366.755119,0.0,0.0,1.0,1.0,0.0,0.0,0.0,1.0,0.0,0.0,0.0,1.0,1345.200806,0.0,429.549312,0.0,0.0,1353.838257,369.393325,0.0,0.0,0.0,1.0,0.0,0,0,0,0,0,0,0
1509044741883317539,113,0,,600,800,plumb_bob,-0.050937,-0.096261,0.011851,0.008042,0.0,1352.72968,0.0,426.573376,0.0,1362.529057,366.755119,0.0,0.0,1.0,1.0,0.0,0.0,0.0,1.0,0.0,0.0,0.0,1.0,1345.200806,0.0,429.549312,0.0,0.0,1353.838257,369.393325,0.0,0.0,0.0,1.0,0.0,0,0,0,0,0,0,0
1509044741983344876,114,0,,600,800,plumb_bob,-0.050937,-0.096261,0.011851,0.008042,0.0,1352.72968,0.0,426.573376,0.0,1362.529057,366.755119,0.0,0.0,1.0,1.0,0.0,0.0,0.0,1.0,0.0,0.0,0.0,1.0,1345.200806,0.0,429.549312,0.0,0.0,1353.838257,369.393325,0.0,0.0,0.0,1.0,0.0,0,0,0,0,0,0,0
1509044742083275146,115,0,,600,800,plumb_bob,-0.050937,-0.096261,0.011851,0.008042,0.0,1352.72968,0.0,426.573376,0.0,1362.529057,366.755119,0.0,0.0,1.0,1.0,0.0,0.0,0.0,1.0,0.0,0.0,0.0,1.0,1345.200806,0.0,429.549312,0.0,0.0,1353.838257,369.393325,0.0,0.0,0.0,1.0,0.0,0,0,0,0,0,0,0
1509044742186191047,116,0,,600,800,plumb_bob,-0.050937,-0.096261,0.011851,0.008042,0.0,1352.72968,0.0,426.573376,0.0,1362.529057,366.755119,0.0,0.0,1.0,1.0,0.0,0.0,0.0,1.0,0.0,0.0,0.0,1.0,1345.200806,0.0,429.549312,0.0,0.0,1353.838257,369.393325,0.0,0.0,0.0,1.0,0.0,0,0,0,0,0,0,0
1509044742283493807,117,0,,600,800,plumb_bob,-0.050937,-0.096261,0.011851,0.008042,0.0,1352.72968,0.0,426.573376,0.0,1362.529057,366.755119,0.0,0.0,1.0,1.0,0.0,0.0,0.0,1.0,0.0,0.0,0.0,1.0,1345.200806,0.0,429.549312,0.0,0.0,1353.838257,369.393325,0.0,0.0,0.0,1.0,0.0,0,0,0,0,0,0,0
1509044742383194850,118,0,,600,800,plumb_bob,-0.050937,-0.096261,0.011851,0.008042,0.0,1352.72968,0.0,426.573376,0.0,1362.529057,366.755119,0.0,0.0,1.0,1.0,0.0,0.0,0.0,1.0,0.0,0.0,0.0,1.0,1345.200806,0.0,429.549312,0.0,0.0,1353.838257,369.393325,0.0,0.0,0.0,1.0,0.0,0,0,0,0,0,0,0
1509044742483213987,119,0,,600,800,plumb_bob,-0.050937,-0.096261,0.011851,0.008042,0.0,1352.72968,0.0,426.573376,0.0,1362.529057,366.755119,0.0,0.0,1.0,1.0,0.0,0.0,0.0,1.0,0.0,0.0,0.0,1.0,1345.200806,0.0,429.549312,0.0,0.0,1353.838257,369.393325,0.0,0.0,0.0,1.0,0.0,0,0,0,0,0,0,0
1509044742583209473,120,0,,600,800,plumb_bob,-0.050937,-0.096261,0.011851,0.008042,0.0,1352.72968,0.0,426.573376,0.0,1362.529057,366.755119,0.0,0.0,1.0,1.0,0.0,0.0,0.0,1.0,0.0,0.0,0.0,1.0,1345.200806,0.0,429.549312,0.0,0.0,1353.838257,369.393325,0.0,0.0,0.0,1.0,0.0,0,0,0,0,0,0,0
1509044742683145464,121,0,,600,800,plumb_bob,-0.050937,-0.096261,0.011851,0.008042,0.0,1352.72968,0.0,426.573376,0.0,1362.529057,366.755119,0.0,0.0,1.0,1.0,0.0,0.0,0.0,1.0,0.0,0.0,0.0,1.0,1345.200806,0.0,429.549312,0.0,0.0,1353.838257,369.393325,0.0,0.0,0.0,1.0,0.0,0,0,0,0,0,0,0
1509044742783217022,122,0,,600,800,plumb_bob,-0.050937,-0.096261,0.011851,0.008042,0.0,1352.72968,0.0,426.573376,0.0,1362.529057,366.755119,0.0,0.0,1.0,1.0,0.0,0.0,0.0,1.0,0.0,0.0,0.0,1.0,1345.200806,0.0,429.549312,0.0,0.0,1353.838257,369.393325,0.0,0.0,0.0,1.0,0.0,0,0,0,0,0,0,0
1509044742883211314,123,0,,600,800,plumb_bob,-0.050937,-0.096261,0.011851,0.008042,0.0,1352.72968,0.0,426.573376,0.0,1362.529057,366.755119,0.0,0.0,1.0,1.0,0.0,0.0,0.0,1.0,0.0,0.0,0.0,1.0,1345.200806,0.0,429.549312,0.0,0.0,1353.838257,369.393325,0.0,0.0,0.0,1.0,0.0,0,0,0,0,0,0,0
1509044742983225975,124,0,,600,800,plumb_bob,-0.050937,-0.096261,0.011851,0.008042,0.0,1352.72968,0.0,426.573376,0.0,1362.529057,366.755119,0.0,0.0,1.0,1.0,0.0,0.0,0.0,1.0,0.0,0.0,0.0,1.0,1345.200806,0.0,429.549312,0.0,0.0,1353.838257,369.393325,0.0,0.0,0.0,1.0,0.0,0,0,0,0,0,0,0
1509044743083153369,125,0,,600,800,plumb_bob,-0.050937,-0.096261,0.011851,0.008042,0.0,1352.72968,0.0,426.573376,0.0,1362.529057,366.755119,0.0,0.0,1.0,1.0,0.0,0.0,0.0,1.0,0.0,0.0,0.0,1.0,1345.200806,0.0,429.549312,0.0,0.0,1353.838257,369.393325,0.0,0.0,0.0,1.0,0.0,0,0,0,0,0,0,0
1509044743183173571,126,0,,600,800,plumb_bob,-0.050937,-0.096261,0.011851,0.008042,0.0,1352.72968,0.0,426.573376,0.0,1362.529057,366.755119,0.0,0.0,1.0,1.0,0.0,0.0,0.0,1.0,0.0,0.0,0.0,1.0,1345.200806,0.0,429.549312,0.0,0.0,1353.838257,369.393325,0.0,0.0,0.0,1.0,0.0,0,0,0,0,0,0,0
1509044743283680788,127,0,,600,800,plumb_bob,-0.050937,-0.096261,0.011851,0.008042,0.0,1352.72968,0.0,426.573376,0.0,1362.529057,366.755119,0.0,0.0,1.0,1.0,0.0,0.0,0.0,1.0,0.0,0.0,0.0,1.0,1345.200806,0.0,429.549312,0.0,0.0,1353.838257,369.393325,0.0,0.0,0.0,1.0,0.0,0,0,0,0,0,0,0
1509044743383236580,128,0,,600,800,plumb_bob,-0.050937,-0.096261,0.011851,0.008042,0.0,1352.72968,0.0,426.573376,0.0,1362.529057,366.755119,0.0,0.0,1.0,1.0,0.0,0.0,0.0,1.0,0.0,0.0,0.0,1.0,1345.200806,0.0,429.549312,0.0,0.0,1353.838257,369.393325,0.0,0.0,0.0,1.0,0.0,0,0,0,0,0,0,0
1509044743483197275,129,0,,600,800,plumb_bob,-0.050937,-0.096261,0.011851,0.008042,0.0,1352.72968,0.0,426.573376,0.0,1362.529057,366.755119,0.0,0.0,1.0,1.0,0.0,0.0,0.0,1.0,0.0,0.0,0.0,1.0,1345.200806,0.0,429.549312,0.0,0.0,1353.838257,369.393325,0.0,0.0,0.0,1.0,0.0,0,0,0,0,0,0,0
1509044743583125915,130,0,,600,800,plumb_bob,-0.050937,-0.096261,0.011851,0.008042,0.0,1352.72968,0.0,426.573376,0.0,1362.529057,366.755119,0.0,0.0,1.0,1.0,0.0,0.0,0.0,1.0,0.0,0.0,0.0,1.0,1345.200806,0.0,429.549312,0.0,0.0,1353.838257,369.393325,0.0,0.0,0.0,1.0,0.0,0,0,0,0,0,0,0
1509044743683839464,131,0,,600,800,plumb_bob,-0.050937,-0.096261,0.011851,0.008042,0.0,1352.72968,0.0,426.573376,0.0,1362.529057,366.755119,0.0,0.0,1.0,1.0,0.0,0.0,0.0,1.0,0.0,0.0,0.0,1.0,1345.200806,0.0,429.549312,0.0,0.0,1353.838257,369.393325,0.0,0.0,0.0,1.0,0.0,0,0,0,0,0,0,0
1509044743783245684,132,0,,600,800,plumb_bob,-0.050937,-0.096261,0.011851,0.008042,0.0,1352.72968,0.0,426.573376,0.0,1362.529057,366.755119,0.0,0.0,1.0,1.0,0.0,0.0,0.0,1.0,0.0,0.0,0.0,1.0,1345.200806,0.0,429.549312,0.0,0.0,1353.838257,369.393325,0.0,0.0,0.0,1.0,0.0,0,0,0,0,0,0,0
1509044743883226371,133,0,,600,800,plumb_bob,-0.050937,-0.096261,0.011851,0.008042,0.0,1352.72968,0.0,426.573376,0.0,1362.529057,366.755119,0.0,0.0,1.0,1.0,0.0,0.0,0.0,1.0,0.0,0.0,0.0,1.0,1345.200806,0.0,429.549312,0.0,0.0,1353.838257,369.393325,0.0,0.0,0.0,1.0,0.0,0,0,0,0,0,0,0
1509044743983165507,134,0,,600,800,plumb_bob,-0.050937,-0.096261,0.011851,0.008042,0.0,1352.72968,0.0,426.573376,0.0,1362.529057,366.755119,0.0,0.0,1.0,1.0,0.0,0.0,0.0,1.0,0.0,0.0,0.0,1.0,1345.200806,0.0,429.549312,0.0,0.0,1353.838257,369.393325,0.0,0.0,0.0,1.0,0.0,0,0,0,0,0,0,0
1509044744083192047,135,0,,600,800,plumb_bob,-0.050937,-0.096261,0.011851,0.008042,0.0,1352.72968,0.0,426.573376,0.0,1362.529057,366.755119,0.0,0.0,1.0,1.0,0.0,0.0,0.0,1.0,0.0,0.0,0.0,1.0,1345.200806,0.0,429.549312,0.0,0.0,1353.838257,369.393325,0.0,0.0,0.0,1.0,0.0,0,0,0,0,0,0,0
1509044744183177889,136,0,,600,800,plumb_bob,-0.050937,-0.096261,0.011851,0.008042,0.0,1352.72968,0.0,426.573376,0.0,1362.529057,366.755119,0.0,0.0,1.0,1.0,0.0,0.0,0.0,1.0,0.0,0.0,0.0,1.0,1345.200806,0.0,429.549312,0.0,0.0,1353.838257,369.393325,0.0,0.0,0.0,1.0,0.0,0,0,0,0,0,0,0
1509044744283199596,137,0,,600,800,plumb_bob,-0.050937,-0.096261,0.011851,0.008042,0.0,1352.72968,0.0,426.573376,0.0,1362.529057,366.755119,0.0,0.0,1.0,1.0,0.0,0.0,0.0,1.0,0.0,0.0,0.0,1.0,1345.200806,0.0,429.549312,0.0,0.0,1353.838257,369.393325,0.0,0.0,0.0,1.0,0.0,0,0,0,0,0,0,0
1509044744383190882,138,0,,600,800,plumb_bob,-0.050937,-0.096261,0.011851,0.008042,0.0,1352.72968,0.0,426.573376,0.0,1362.529057,366.755119,0.0,0.0,1.0,1.0,0.0,0.0,0.0,1.0,0.0,0.0,0.0,1.0,1345.200806,0.0,429.549312,0.0,0.0,1353.838257,369.393325,0.0,0.0,0.0,1.0,0.0,0,0,0,0,0,0,0
1509044744484716293,139,0,,600,800,plumb_bob,-0.050937,-0.096261,0.011851,0.008042,0.0,1352.72968,0.0,426.573376,0.0,1362.529057,366.755119,0.0,0.0,1.0,1.0,0.0,0.0,0.0,1.0,0.0,0.0,0.0,1.0,1345.200806,0.0,429.549312,0.0,0.0,1353.838257,369.393325,0.0,0.0,0.0,1.0,0.0,0,0,0,0,0,0,0
1509044744583308144,140,0,,600,800,plumb_bob,-0.050937,-0.096261,0.011851,0.008042,0.0,1352.72968,0.0,426.573376,0.0,1362.529057,366.755119,0.0,0.0,1.0,1.0,0.0,0.0,0.0,1.0,0.0,0.0,0.0,1.0,1345.200806,0.0,429.549312,0.0,0.0,1353.838257,369.393325,0.0,0.0,0.0,1.0,0.0,0,0,0,0,0,0,0
1509044744683191114,141,0,,600,800,plumb_bob,-0.050937,-0.096261,0.011851,0.008042,0.0,1352.72968,0.0,426.573376,0.0,1362.529057,366.755119,0.0,0.0,1.0,1.0,0.0,0.0,0.0,1.0,0.0,0.0,0.0,1.0,1345.200806,0.0,429.549312,0.0,0.0,1353.838257,369.393325,0.0,0.0,0.0,1.0,0.0,0,0,0,0,0,0,0
1509044744783205062,142,0,,600,800,plumb_bob,-0.050937,-0.096261,0.011851,0.008042,0.0,1352.72968,0.0,426.573376,0.0,1362.529057,366.755119,0.0,0.0,1.0,1.0,0.0,0.0,0.0,1.0,0.0,0.0,0.0,1.0,1345.200806,0.0,429.549312,0.0,0.0,1353.838257,369.393325,0.0,0.0,0.0,1.0,0.0,0,0,0,0,0,0,0
1509044744883260918,143,0,,600,800,plumb_bob,-0.050937,-0.096261,0.011851,0.008042,0.0,1352.72968,0.0,426.573376,0.0,1362.529057,366.755119,0.0,0.0,1.0,1.0,0.0,0.0,0.0,1.0,0.0,0.0,0.0,1.0,1345.200806,0.0,429.549312,0.0,0.0,1353.838257,369.393325,0.0,0.0,0.0,1.0,0.0,0,0,0,0,0,0,0
1509044744983240808,144,0,,600,800,plumb_bob,-0.050937,-0.096261,0.011851,0.008042,0.0,1352.72968,0.0,426.573376,0.0,1362.529057,366.755119,0.0,0.0,1.0,1.0,0.0,0.0,0.0,1.0,0.0,0.0,0.0,1.0,1345.200806,0.0,429.549312,0.0,0.0,1353.838257,369.393325,0.0,0.0,0.0,1.0,0.0,0,0,0,0,0,0,0
1509044745083818505,145,0,,600,800,plumb_bob,-0.050937,-0.096261,0.011851,0.008042,0.0,1352.72968,0.0,426.573376,0.0,1362.529057,366.755119,0.0,0.0,1.0,1.0,0.0,0.0,0.0,1.0,0.0,0.0,0.0,1.0,1345.200806,0.0,429.549312,0.0,0.0,1353.838257,369.393325,0.0,0.0,0.0,1.0,0.0,0,0,0,0,0,0,0
1509044745183172263,146,0,,600,800,plumb_bob,-0.050937,-0.096261,0.011851,0.008042,0.0,1352.72968,0.0,426.573376,0.0,1362.529057,366.755119,0.0,0.0,1.0,1.0,0.0,0.0,0.0,1.0,0.0,0.0,0.0,1.0,1345.200806,0.0,429.549312,0.0,0.0,1353.838257,369.393325,0.0,0.0,0.0,1.0,0.0,0,0,0,0,0,0,0
1509044745283163406,147,0,,600,800,plumb_bob,-0.050937,-0.096261,0.011851,0.008042,0.0,1352.72968,0.0,426.573376,0.0,1362.529057,366.755119,0.0,0.0,1.0,1.0,0.0,0.0,0.0,1.0,0.0,0.0,0.0,1.0,1345.200806,0.0,429.549312,0.0,0.0,1353.838257,369.393325,0.0,0.0,0.0,1.0,0.0,0,0,0,0,0,0,0
1509044745383241145,148,0,,600,800,plumb_bob,-0.050937,-0.096261,0.011851,0.008042,0.0,1352.72968,0.0,426.573376,0.0,1362.529057,366.755119,0.0,0.0,1.0,1.0,0.0,0.0,0.0,1.0,0.0,0.0,0.0,1.0,1345.200806,0.0,429.549312,0.0,0.0,1353.838257,369.393325,0.0,0.0,0.0,1.0,0.0,0,0,0,0,0,0,0
1509044745483160159,149,0,,600,800,plumb_bob,-0.050937,-0.096261,0.011851,0.008042,0.0,1352.72968,0.0,426.573376,0.0,1362.529057,366.755119,0.0,0.0,1.0,1.0,0.0,0.0,0.0,1.0,0.0,0.0,0.0,1.0,1345.200806,0.0,429.549312,0.0,0.0,1353.838257,369.393325,0.0,0.0,0.0,1.0,0.0,0,0,0,0,0,0,0
1509044745583279423,150,0,,600,800,plumb_bob,-0.050937,-0.096261,0.011851,0.008042,0.0,1352.72968,0.0,426.573376,0.0,1362.529057,366.755119,0.0,0.0,1.0,1.0,0.0,0.0,0.0,1.0,0.0,0.0,0.0,1.0,1345.200806,0.0,429.549312,0.0,0.0,1353.838257,369.393325,0.0,0.0,0.0,1.0,0.0,0,0,0,0,0,0,0
1509044745683236969,151,0,,600,800,plumb_bob,-0.050937,-0.096261,0.011851,0.008042,0.0,1352.72968,0.0,426.573376,0.0,1362.529057,366.755119,0.0,0.0,1.0,1.0,0.0,0.0,0.0,1.0,0.0,0.0,0.0,1.0,1345.200806,0.0,429.549312,0.0,0.0,1353.838257,369.393325,0.0,0.0,0.0,1.0,0.0,0,0,0,0,0,0,0
1509044745783184246,152,0,,600,800,plumb_bob,-0.050937,-0.096261,0.011851,0.008042,0.0,1352.72968,0.0,426.573376,0.0,1362.529057,366.755119,0.0,0.0,1.0,1.0,0.0,0.0,0.0,1.0,0.0,0.0,0.0,1.0,1345.200806,0.0,429.549312,0.0,0.0,1353.838257,369.393325,0.0,0.0,0.0,1.0,0.0,0,0,0,0,0,0,0
1509044745883255811,153,0,,600,800,plumb_bob,-0.050937,-0.096261,0.011851,0.008042,0.0,1352.72968,0.0,426.573376,0.0,1362.529057,366.755119,0.0,0.0,1.0,1.0,0.0,0.0,0.0,1.0,0.0,0.0,0.0,1.0,1345.200806,0.0,429.549312,0.0,0.0,1353.838257,369.393325,0.0,0.0,0.0,1.0,0.0,0,0,0,0,0,0,0
1509044745983232996,154,0,,600,800,plumb_bob,-0.050937,-0.096261,0.011851,0.008042,0.0,1352.72968,0.0,426.573376,0.0,1362.529057,366.755119,0.0,0.0,1.0,1.0,0.0,0.0,0.0,1.0,0.0,0.0,0.0,1.0,1345.200806,0.0,429.549312,0.0,0.0,1353.838257,369.393325,0.0,0.0,0.0,1.0,0.0,0,0,0,0,0,0,0
1509044746083153132,155,0,,600,800,plumb_bob,-0.050937,-0.096261,0.011851,0.008042,0.0,1352.72968,0.0,426.573376,0.0,1362.529057,366.755119,0.0,0.0,1.0,1.0,0.0,0.0,0.0,1.0,0.0,0.0,0.0,1.0,1345.200806,0.0,429.549312,0.0,0.0,1353.838257,369.393325,0.0,0.0,0.0,1.0,0.0,0,0,0,0,0,0,0
1509044746184693605,156,0,,600,800,plumb_bob,-0.050937,-0.096261,0.011851,0.008042,0.0,1352.72968,0.0,426.573376,0.0,1362.529057,366.755119,0.0,0.0,1.0,1.0,0.0,0.0,0.0,1.0,0.0,0.0,0.0,1.0,1345.200806,0.0,429.549312,0.0,0.0,1353.838257,369.393325,0.0,0.0,0.0,1.0,0.0,0,0,0,0,0,0,0
1509044746283288782,157,0,,600,800,plumb_bob,-0.050937,-0.096261,0.011851,0.008042,0.0,1352.72968,0.0,426.573376,0.0,1362.529057,366.755119,0.0,0.0,1.0,1.0,0.0,0.0,0.0,1.0,0.0,0.0,0.0,1.0,1345.200806,0.0,429.549312,0.0,0.0,1353.838257,369.393325,0.0,0.0,0.0,1.0,0.0,0,0,0,0,0,0,0
1509044746386862702,158,0,,600,800,plumb_bob,-0.050937,-0.096261,0.011851,0.008042,0.0,1352.72968,0.0,426.573376,0.0,1362.529057,366.755119,0.0,0.0,1.0,1.0,0.0,0.0,0.0,1.0,0.0,0.0,0.0,1.0,1345.200806,0.0,429.549312,0.0,0.0,1353.838257,369.393325,0.0,0.0,0.0,1.0,0.0,0,0,0,0,0,0,0
1509044746483330529,159,0,,600,800,plumb_bob,-0.050937,-0.096261,0.011851,0.008042,0.0,1352.72968,0.0,426.573376,0.0,1362.529057,366.755119,0.0,0.0,1.0,1.0,0.0,0.0,0.0,1.0,0.0,0.0,0.0,1.0,1345.200806,0.0,429.549312,0.0,0.0,1353.838257,369.393325,0.0,0.0,0.0,1.0,0.0,0,0,0,0,0,0,0
1509044746583177519,160,0,,600,800,plumb_bob,-0.050937,-0.096261,0.011851,0.008042,0.0,1352.72968,0.0,426.573376,0.0,1362.529057,366.755119,0.0,0.0,1.0,1.0,0.0,0.0,0.0,1.0,0.0,0.0,0.0,1.0,1345.200806,0.0,429.549312,0.0,0.0,1353.838257,369.393325,0.0,0.0,0.0,1.0,0.0,0,0,0,0,0,0,0
1509044746683146569,161,0,,600,800,plumb_bob,-0.050937,-0.096261,0.011851,0.008042,0.0,1352.72968,0.0,426.573376,0.0,1362.529057,366.755119,0.0,0.0,1.0,1.0,0.0,0.0,0.0,1.0,0.0,0.0,0.0,1.0,1345.200806,0.0,429.549312,0.0,0.0,1353.838257,369.393325,0.0,0.0,0.0,1.0,0.0,0,0,0,0,0,0,0
1509044746783541064,162,0,,600,800,plumb_bob,-0.050937,-0.096261,0.011851,0.008042,0.0,1352.72968,0.0,426.573376,0.0,1362.529057,366.755119,0.0,0.0,1.0,1.0,0.0,0.0,0.0,1.0,0.0,0.0,0.0,1.0,1345.200806,0.0,429.549312,0.0,0.0,1353.838257,369.393325,0.0,0.0,0.0,1.0,0.0,0,0,0,0,0,0,0
1509044746883211033,163,0,,600,800,plumb_bob,-0.050937,-0.096261,0.011851,0.008042,0.0,1352.72968,0.0,426.573376,0.0,1362.529057,366.755119,0.0,0.0,1.0,1.0,0.0,0.0,0.0,1.0,0.0,0.0,0.0,1.0,1345.200806,0.0,429.549312,0.0,0.0,1353.838257,369.393325,0.0,0.0,0.0,1.0,0.0,0,0,0,0,0,0,0
1509044746983208461,164,0,,600,800,plumb_bob,-0.050937,-0.096261,0.011851,0.008042,0.0,1352.72968,0.0,426.573376,0.0,1362.529057,366.755119,0.0,0.0,1.0,1.0,0.0,0.0,0.0,1.0,0.0,0.0,0.0,1.0,1345.200806,0.0,429.549312,0.0,0.0,1353.838257,369.393325,0.0,0.0,0.0,1.0,0.0,0,0,0,0,0,0,0
1509044747083190596,165,0,,600,800,plumb_bob,-0.050937,-0.096261,0.011851,0.008042,0.0,1352.72968,0.0,426.573376,0.0,1362.529057,366.755119,0.0,0.0,1.0,1.0,0.0,0.0,0.0,1.0,0.0,0.0,0.0,1.0,1345.200806,0.0,429.549312,0.0,0.0,1353.838257,369.393325,0.0,0.0,0.0,1.0,0.0,0,0,0,0,0,0,0
1509044747183190694,166,0,,600,800,plumb_bob,-0.050937,-0.096261,0.011851,0.008042,0.0,1352.72968,0.0,426.573376,0.0,1362.529057,366.755119,0.0,0.0,1.0,1.0,0.0,0.0,0.0,1.0,0.0,0.0,0.0,1.0,1345.200806,0.0,429.549312,0.0,0.0,1353.838257,369.393325,0.0,0.0,0.0,1.0,0.0,0,0,0,0,0,0,0
1509044747283221392,167,0,,600,800,plumb_bob,-0.050937,-0.096261,0.011851,0.008042,0.0,1352.72968,0.0,426.573376,0.0,1362.529057,366.755119,0.0,0.0,1.0,1.0,0.0,0.0,0.0,1.0,0.0,0.0,0.0,1.0,1345.200806,0.0,429.549312,0.0,0.0,1353.838257,369.393325,0.0,0.0,0.0,1.0,0.0,0,0,0,0,0,0,0
1509044747383761299,168,0,,600,800,plumb_bob,-0.050937,-0.096261,0.011851,0.008042,0.0,1352.72968,0.0,426.573376,0.0,1362.529057,366.755119,0.0,0.0,1.0,1.0,0.0,0.0,0.0,1.0,0.0,0.0,0.0,1.0,1345.200806,0.0,429.549312,0.0,0.0,1353.838257,369.393325,0.0,0.0,0.0,1.0,0.0,0,0,0,0,0,0,0
1509044747483111360,169,0,,600,800,plumb_bob,-0.050937,-0.096261,0.011851,0.008042,0.0,1352.72968,0.0,426.573376,0.0,1362.529057,366.755119,0.0,0.0,1.0,1.0,0.0,0.0,0.0,1.0,0.0,0.0,0.0,1.0,1345.200806,0.0,429.549312,0.0,0.0,1353.838257,369.393325,0.0,0.0,0.0,1.0,0.0,0,0,0,0,0,0,0
1509044747586302822,170,0,,600,800,plumb_bob,-0.050937,-0.096261,0.011851,0.008042,0.0,1352.72968,0.0,426.573376,0.0,1362.529057,366.755119,0.0,0.0,1.0,1.0,0.0,0.0,0.0,1.0,0.0,0.0,0.0,1.0,1345.200806,0.0,429.549312,0.0,0.0,1353.838257,369.393325,0.0,0.0,0.0,1.0,0.0,0,0,0,0,0,0,0
1509044747683142856,171,0,,600,800,plumb_bob,-0.050937,-0.096261,0.011851,0.008042,0.0,1352.72968,0.0,426.573376,0.0,1362.529057,366.755119,0.0,0.0,1.0,1.0,0.0,0.0,0.0,1.0,0.0,0.0,0.0,1.0,1345.200806,0.0,429.549312,0.0,0.0,1353.838257,369.393325,0.0,0.0,0.0,1.0,0.0,0,0,0,0,0,0,0
1509044747783831562,172,0,,600,800,plumb_bob,-0.050937,-0.096261,0.011851,0.008042,0.0,1352.72968,0.0,426.573376,0.0,1362.529057,366.755119,0.0,0.0,1.0,1.0,0.0,0.0,0.0,1.0,0.0,0.0,0.0,1.0,1345.200806,0.0,429.549312,0.0,0.0,1353.838257,369.393325,0.0,0.0,0.0,1.0,0.0,0,0,0,0,0,0,0
1509044747883167889,173,0,,600,800,plumb_bob,-0.050937,-0.096261,0.011851,0.008042,0.0,1352.72968,0.0,426.573376,0.0,1362.529057,366.755119,0.0,0.0,1.0,1.0,0.0,0.0,0.0,1.0,0.0,0.0,0.0,1.0,1345.200806,0.0,429.549312,0.0,0.0,1353.838257,369.393325,0.0,0.0,0.0,1.0,0.0,0,0,0,0,0,0,0
1509044747983158015,174,0,,600,800,plumb_bob,-0.050937,-0.096261,0.011851,0.008042,0.0,1352.72968,0.0,426.573376,0.0,1362.529057,366.755119,0.0,0.0,1.0,1.0,0.0,0.0,0.0,1.0,0.0,0.0,0.0,1.0,1345.200806,0.0,429.549312,0.0,0.0,1353.838257,369.393325,0.0,0.0,0.0,1.0,0.0,0,0,0,0,0,0,0
1509044748083209368,175,0,,600,800,plumb_bob,-0.050937,-0.096261,0.011851,0.008042,0.0,1352.72968,0.0,426.573376,0.0,1362.529057,366.755119,0.0,0.0,1.0,1.0,0.0,0.0,0.0,1.0,0.0,0.0,0.0,1.0,1345.200806,0.0,429.549312,0.0,0.0,1353.838257,369.393325,0.0,0.0,0.0,1.0,0.0,0,0,0,0,0,0,0
1509044748184002031,176,0,,600,800,plumb_bob,-0.050937,-0.096261,0.011851,0.008042,0.0,1352.72968,0.0,426.573376,0.0,1362.529057,366.755119,0.0,0.0,1.0,1.0,0.0,0.0,0.0,1.0,0.0,0.0,0.0,1.0,1345.200806,0.0,429.549312,0.0,0.0,1353.838257,369.393325,0.0,0.0,0.0,1.0,0.0,0,0,0,0,0,0,0
1509044748283378832,177,0,,600,800,plumb_bob,-0.050937,-0.096261,0.011851,0.008042,0.0,1352.72968,0.0,426.573376,0.0,1362.529057,366.755119,0.0,0.0,1.0,1.0,0.0,0.0,0.0,1.0,0.0,0.0,0.0,1.0,1345.200806,0.0,429.549312,0.0,0.0,1353.838257,369.393325,0.0,0.0,0.0,1.0,0.0,0,0,0,0,0,0,0
1509044748383259742,178,0,,600,800,plumb_bob,-0.050937,-0.096261,0.011851,0.008042,0.0,1352.72968,0.0,426.573376,0.0,1362.529057,366.755119,0.0,0.0,1.0,1.0,0.0,0.0,0.0,1.0,0.0,0.0,0.0,1.0,1345.200806,0.0,429.549312,0.0,0.0,1353.838257,369.393325,0.0,0.0,0.0,1.0,0.0,0,0,0,0,0,0,0
1509044748483237290,179,0,,600,800,plumb_bob,-0.050937,-0.096261,0.011851,0.008042,0.0,1352.72968,0.0,426.573376,0.0,1362.529057,366.755119,0.0,0.0,1.0,1.0,0.0,0.0,0.0,1.0,0.0,0.0,0.0,1.0,1345.200806,0.0,429.549312,0.0,0.0,1353.838257,369.393325,0.0,0.0,0.0,1.0,0.0,0,0,0,0,0,0,0
1509044748583251260,180,0,,600,800,plumb_bob,-0.050937,-0.096261,0.011851,0.008042,0.0,1352.72968,0.0,426.573376,0.0,1362.529057,366.755119,0.0,0.0,1.0,1.0,0.0,0.0,0.0,1.0,0.0,0.0,0.0,1.0,1345.200806,0.0,429.549312,0.0,0.0,1353.838257,369.393325,0.0,0.0,0.0,1.0,0.0,0,0,0,0,0,0,0
1509044748683180652,181,0,,600,800,plumb_bob,-0.050937,-0.096261,0.011851,0.008042,0.0,1352.72968,0.0,426.573376,0.0,1362.529057,366.755119,0.0,0.0,1.0,1.0,0.0,0.0,0.0,1.0,0.0,0.0,0.0,1.0,1345.200806,0.0,429.549312,0.0,0.0,1353.838257,369.393325,0.0,0.0,0.0,1.0,0.0,0,0,0,0,0,0,0
1509044748783177190,182,0,,600,800,plumb_bob,-0.050937,-0.096261,0.011851,0.008042,0.0,1352.72968,0.0,426.573376,0.0,1362.529057,366.755119,0.0,0.0,1.0,1.0,0.0,0.0,0.0,1.0,0.0,0.0,0.0,1.0,1345.200806,0.0,429.549312,0.0,0.0,1353.838257,369.393325,0.0,0.0,0.0,1.0,0.0,0,0,0,0,0,0,0
1509044748883194156,183,0,,600,800,plumb_bob,-0.050937,-0.096261,0.011851,0.008042,0.0,1352.72968,0.0,426.573376,0.0,1362.529057,366.755119,0.0,0.0,1.0,1.0,0.0,0.0,0.0,1.0,0.0,0.0,0.0,1.0,1345.200806,0.0,429.549312,0.0,0.0,1353.838257,369.393325,0.0,0.0,0.0,1.0,0.0,0,0,0,0,0,0,0
1509044748983261807,184,0,,600,800,plumb_bob,-0.050937,-0.096261,0.011851,0.008042,0.0,1352.72968,0.0,426.573376,0.0,1362.529057,366.755119,0.0,0.0,1.0,1.0,0.0,0.0,0.0,1.0,0.0,0.0,0.0,1.0,1345.200806,0.0,429.549312,0.0,0.0,1353.838257,369.393325,0.0,0.0,0.0,1.0,0.0,0,0,0,0,0,0,0
1509044749083145504,185,0,,600,800,plumb_bob,-0.050937,-0.096261,0.011851,0.008042,0.0,1352.72968,0.0,426.573376,0.0,1362.529057,366.755119,0.0,0.0,1.0,1.0,0.0,0.0,0.0,1.0,0.0,0.0,0.0,1.0,1345.200806,0.0,429.549312,0.0,0.0,1353.838257,369.393325,0.0,0.0,0.0,1.0,0.0,0,0,0,0,0,0,0
1509044749183167403,186,0,,600,800,plumb_bob,-0.050937,-0.096261,0.011851,0.008042,0.0,1352.72968,0.0,426.573376,0.0,1362.529057,366.755119,0.0,0.0,1.0,1.0,0.0,0.0,0.0,1.0,0.0,0.0,0.0,1.0,1345.200806,0.0,429.549312,0.0,0.0,1353.838257,369.393325,0.0,0.0,0.0,1.0,0.0,0,0,0,0,0,0,0
1509044749283156345,187,0,,600,800,plumb_bob,-0.050937,-0.096261,0.011851,0.008042,0.0,1352.72968,0.0,426.573376,0.0,1362.529057,366.755119,0.0,0.0,1.0,1.0,0.0,0.0,0.0,1.0,0.0,0.0,0.0,1.0,1345.200806,0.0,429.549312,0.0,0.0,1353.838257,369.393325,0.0,0.0,0.0,1.0,0.0,0,0,0,0,0,0,0
1509044749383303294,188,0,,600,800,plumb_bob,-0.050937,-0.096261,0.011851,0.008042,0.0,1352.72968,0.0,426.573376,0.0,1362.529057,366.755119,0.0,0.0,1.0,1.0,0.0,0.0,0.0,1.0,0.0,0.0,0.0,1.0,1345.200806,0.0,429.549312,0.0,0.0,1353.838257,369.393325,0.0,0.0,0.0,1.0,0.0,0,0,0,0,0,0,0
1509044749483177552,189,0,,600,800,plumb_bob,-0.050937,-0.096261,0.011851,0.008042,0.0,1352.72968,0.0,426.573376,0.0,1362.529057,366.755119,0.0,0.0,1.0,1.0,0.0,0.0,0.0,1.0,0.0,0.0,0.0,1.0,1345.200806,0.0,429.549312,0.0,0.0,1353.838257,369.393325,0.0,0.0,0.0,1.0,0.0,0,0,0,0,0,0,0
1509044749583214287,190,0,,600,800,plumb_bob,-0.050937,-0.096261,0.011851,0.008042,0.0,1352.72968,0.0,426.573376,0.0,1362.529057,366.755119,0.0,0.0,1.0,1.0,0.0,0.0,0.0,1.0,0.0,0.0,0.0,1.0,1345.200806,0.0,429.549312,0.0,0.0,1353.838257,369.393325,0.0,0.0,0.0,1.0,0.0,0,0,0,0,0,0,0
1509044749683188015,191,0,,600,800,plumb_bob,-0.050937,-0.096261,0.011851,0.008042,0.0,1352.72968,0.0,426.573376,0.0,1362.529057,366.755119,0.0,0.0,1.0,1.0,0.0,0.0,0.0,1.0,0.0,0.0,0.0,1.0,1345.200806,0.0,429.549312,0.0,0.0,1353.838257,369.393325,0.0,0.0,0.0,1.0,0.0,0,0,0,0,0,0,0
1509044749783205524,192,0,,600,800,plumb_bob,-0.050937,-0.096261,0.011851,0.008042,0.0,1352.72968,0.0,426.573376,0.0,1362.529057,366.755119,0.0,0.0,1.0,1.0,0.0,0.0,0.0,1.0,0.0,0.0,0.0,1.0,1345.200806,0.0,429.549312,0.0,0.0,1353.838257,369.393325,0.0,0.0,0.0,1.0,0.0,0,0,0,0,0,0,0
1509044749883259175,193,0,,600,800,plumb_bob,-0.050937,-0.096261,0.011851,0.008042,0.0,1352.72968,0.0,426.573376,0.0,1362.529057,366.755119,0.0,0.0,1.0,1.0,0.0,0.0,0.0,1.0,0.0,0.0,0.0,1.0,1345.200806,0.0,429.549312,0.0,0.0,1353.838257,369.393325,0.0,0.0,0.0,1.0,0.0,0,0,0,0,0,0,0
1509044749983167431,194,0,,600,800,plumb_bob,-0.050937,-0.096261,0.011851,0.008042,0.0,1352.72968,0.0,426.573376,0.0,1362.529057,366.755119,0.0,0.0,1.0,1.0,0.0,0.0,0.0,1.0,0.0,0.0,0.0,1.0,1345.200806,0.0,429.549312,0.0,0.0,1353.838257,369.393325,0.0,0.0,0.0,1.0,0.0,0,0,0,0,0,0,0
1509044750083167237,195,0,,600,800,plumb_bob,-0.050937,-0.096261,0.011851,0.008042,0.0,1352.72968,0.0,426.573376,0.0,1362.529057,366.755119,0.0,0.0,1.0,1.0,0.0,0.0,0.0,1.0,0.0,0.0,0.0,1.0,1345.200806,0.0,429.549312,0.0,0.0,1353.838257,369.393325,0.0,0.0,0.0,1.0,0.0,0,0,0,0,0,0,0
1509044750187129040,196,0,,600,800,plumb_bob,-0.050937,-0.096261,0.011851,0.008042,0.0,1352.72968,0.0,426.573376,0.0,1362.529057,366.755119,0.0,0.0,1.0,1.0,0.0,0.0,0.0,1.0,0.0,0.0,0.0,1.0,1345.200806,0.0,429.549312,0.0,0.0,1353.838257,369.393325,0.0,0.0,0.0,1.0,0.0,0,0,0,0,0,0,0
1509044750283290523,197,0,,600,800,plumb_bob,-0.050937,-0.096261,0.011851,0.008042,0.0,1352.72968,0.0,426.573376,0.0,1362.529057,366.755119,0.0,0.0,1.0,1.0,0.0,0.0,0.0,1.0,0.0,0.0,0.0,1.0,1345.200806,0.0,429.549312,0.0,0.0,1353.838257,369.393325,0.0,0.0,0.0,1.0,0.0,0,0,0,0,0,0,0
1509044750383162534,198,0,,600,800,plumb_bob,-0.050937,-0.096261,0.011851,0.008042,0.0,1352.72968,0.0,426.573376,0.0,1362.529057,366.755119,0.0,0.0,1.0,1.0,0.0,0.0,0.0,1.0,0.0,0.0,0.0,1.0,1345.200806,0.0,429.549312,0.0,0.0,1353.838257,369.393325,0.0,0.0,0.0,1.0,0.0,0,0,0,0,0,0,0
1509044750483151991,199,0,,600,800,plumb_bob,-0.050937,-0.096261,0.011851,0.008042,0.0,1352.72968,0.0,426.573376,0.0,1362.529057,366.755119,0.0,0.0,1.0,1.0,0.0,0.0,0.0,1.0,0.0,0.0,0.0,1.0,1345.200806,0.0,429.549312,0.0,0.0,1353.838257,369.393325,0.0,0.0,0.0,1.0,0.0,0,0,0,0,0,0,0
1509044750583224812,200,0,,600,800,plumb_bob,-0.050937,-0.096261,0.011851,0.008042,0.0,1352.72968,0.0,426.573376,0.0,1362.529057,366.755119,0.0,0.0,1.0,1.0,0.0,0.0,0.0,1.0,0.0,0.0,0.0,1.0,1345.200806,0.0,429.549312,0.0,0.0,1353.838257,369.393325,0.0,0.0,0.0,1.0,0.0,0,0,0,0,0,0,0
1509044750683120505,201,0,,600,800,plumb_bob,-0.050937,-0.096261,0.011851,0.008042,0.0,1352.72968,0.0,426.573376,0.0,1362.529057,366.755119,0.0,0.0,1.0,1.0,0.0,0.0,0.0,1.0,0.0,0.0,0.0,1.0,1345.200806,0.0,429.549312,0.0,0.0,1353.838257,369.393325,0.0,0.0,0.0,1.0,0.0,0,0,0,0,0,0,0
1509044750783357146,202,0,,600,800,plumb_bob,-0.050937,-0.096261,0.011851,0.008042,0.0,1352.72968,0.0,426.573376,0.0,1362.529057,366.755119,0.0,0.0,1.0,1.0,0.0,0.0,0.0,1.0,0.0,0.0,0.0,1.0,1345.200806,0.0,429.549312,0.0,0.0,1353.838257,369.393325,0.0,0.0,0.0,1.0,0.0,0,0,0,0,0,0,0
1509044750883180164,203,0,,600,800,plumb_bob,-0.050937,-0.096261,0.011851,0.008042,0.0,1352.72968,0.0,426.573376,0.0,1362.529057,366.755119,0.0,0.0,1.0,1.0,0.0,0.0,0.0,1.0,0.0,0.0,0.0,1.0,1345.200806,0.0,429.549312,0.0,0.0,1353.838257,369.393325,0.0,0.0,0.0,1.0,0.0,0,0,0,0,0,0,0
1509044750983207616,204,0,,600,800,plumb_bob,-0.050937,-0.096261,0.011851,0.008042,0.0,1352.72968,0.0,426.573376,0.0,1362.529057,366.755119,0.0,0.0,1.0,1.0,0.0,0.0,0.0,1.0,0.0,0.0,0.0,1.0,1345.200806,0.0,429.549312,0.0,0.0,1353.838257,369.393325,0.0,0.0,0.0,1.0,0.0,0,0,0,0,0,0,0
1509044751083191788,205,0,,600,800,plumb_bob,-0.050937,-0.096261,0.011851,0.008042,0.0,1352.72968,0.0,426.573376,0.0,1362.529057,366.755119,0.0,0.0,1.0,1.0,0.0,0.0,0.0,1.0,0.0,0.0,0.0,1.0,1345.200806,0.0,429.549312,0.0,0.0,1353.838257,369.393325,0.0,0.0,0.0,1.0,0.0,0,0,0,0,0,0,0
1509044751185578658,206,0,,600,800,plumb_bob,-0.050937,-0.096261,0.011851,0.008042,0.0,1352.72968,0.0,426.573376,0.0,1362.529057,366.755119,0.0,0.0,1.0,1.0,0.0,0.0,0.0,1.0,0.0,0.0,0.0,1.0,1345.200806,0.0,429.549312,0.0,0.0,1353.838257,369.393325,0.0,0.0,0.0,1.0,0.0,0,0,0,0,0,0,0
1509044751283226733,207,0,,600,800,plumb_bob,-0.050937,-0.096261,0.011851,0.008042,0.0,1352.72968,0.0,426.573376,0.0,1362.529057,366.755119,0.0,0.0,1.0,1.0,0.0,0.0,0.0,1.0,0.0,0.0,0.0,1.0,1345.200806,0.0,429.549312,0.0,0.0,1353.838257,369.393325,0.0,0.0,0.0,1.0,0.0,0,0,0,0,0,0,0
1509044751383259997,208,0,,600,800,plumb_bob,-0.050937,-0.096261,0.011851,0.008042,0.0,1352.72968,0.0,426.573376,0.0,1362.529057,366.755119,0.0,0.0,1.0,1.0,0.0,0.0,0.0,1.0,0.0,0.0,0.0,1.0,1345.200806,0.0,429.549312,0.0,0.0,1353.838257,369.393325,0.0,0.0,0.0,1.0,0.0,0,0,0,0,0,0,0
1509044751483239411,209,0,,600,800,plumb_bob,-0.050937,-0.096261,0.011851,0.008042,0.0,1352.72968,0.0,426.573376,0.0,1362.529057,366.755119,0.0,0.0,1.0,1.0,0.0,0.0,0.0,1.0,0.0,0.0,0.0,1.0,1345.200806,0.0,429.549312,0.0,0.0,1353.838257,369.393325,0.0,0.0,0.0,1.0,0.0,0,0,0,0,0,0,0
1509044751584949440,210,0,,600,800,plumb_bob,-0.050937,-0.096261,0.011851,0.008042,0.0,1352.72968,0.0,426.573376,0.0,1362.529057,366.755119,0.0,0.0,1.0,1.0,0.0,0.0,0.0,1.0,0.0,0.0,0.0,1.0,1345.200806,0.0,429.549312,0.0,0.0,1353.838257,369.393325,0.0,0.0,0.0,1.0,0.0,0,0,0,0,0,0,0
1509044751683120658,211,0,,600,800,plumb_bob,-0.050937,-0.096261,0.011851,0.008042,0.0,1352.72968,0.0,426.573376,0.0,1362.529057,366.755119,0.0,0.0,1.0,1.0,0.0,0.0,0.0,1.0,0.0,0.0,0.0,1.0,1345.200806,0.0,429.549312,0.0,0.0,1353.838257,369.393325,0.0,0.0,0.0,1.0,0.0,0,0,0,0,0,0,0
1509044751783214991,212,0,,600,800,plumb_bob,-0.050937,-0.096261,0.011851,0.008042,0.0,1352.72968,0.0,426.573376,0.0,1362.529057,366.755119,0.0,0.0,1.0,1.0,0.0,0.0,0.0,1.0,0.0,0.0,0.0,1.0,1345.200806,0.0,429.549312,0.0,0.0,1353.838257,369.393325,0.0,0.0,0.0,1.0,0.0,0,0,0,0,0,0,0
1509044751883104924,213,0,,600,800,plumb_bob,-0.050937,-0.096261,0.011851,0.008042,0.0,1352.72968,0.0,426.573376,0.0,1362.529057,366.755119,0.0,0.0,1.0,1.0,0.0,0.0,0.0,1.0,0.0,0.0,0.0,1.0,1345.200806,0.0,429.549312,0.0,0.0,1353.838257,369.393325,0.0,0.0,0.0,1.0,0.0,0,0,0,0,0,0,0
1509044751983258841,214,0,,600,800,plumb_bob,-0.050937,-0.096261,0.011851,0.008042,0.0,1352.72968,0.0,426.573376,0.0,1362.529057,366.755119,0.0,0.0,1.0,1.0,0.0,0.0,0.0,1.0,0.0,0.0,0.0,1.0,1345.200806,0.0,429.549312,0.0,0.0,1353.838257,369.393325,0.0,0.0,0.0,1.0,0.0,0,0,0,0,0,0,0
1509044752083185845,215,0,,600,800,plumb_bob,-0.050937,-0.096261,0.011851,0.008042,0.0,1352.72968,0.0,426.573376,0.0,1362.529057,366.755119,0.0,0.0,1.0,1.0,0.0,0.0,0.0,1.0,0.0,0.0,0.0,1.0,1345.200806,0.0,429.549312,0.0,0.0,1353.838257,369.393325,0.0,0.0,0.0,1.0,0.0,0,0,0,0,0,0,0
1509044752183199623,216,0,,600,800,plumb_bob,-0.050937,-0.096261,0.011851,0.008042,0.0,1352.72968,0.0,426.573376,0.0,1362.529057,366.755119,0.0,0.0,1.0,1.0,0.0,0.0,0.0,1.0,0.0,0.0,0.0,1.0,1345.200806,0.0,429.549312,0.0,0.0,1353.838257,369.393325,0.0,0.0,0.0,1.0,0.0,0,0,0,0,0,0,0
1509044752283167880,217,0,,600,800,plumb_bob,-0.050937,-0.096261,0.011851,0.008042,0.0,1352.72968,0.0,426.573376,0.0,1362.529057,366.755119,0.0,0.0,1.0,1.0,0.0,0.0,0.0,1.0,0.0,0.0,0.0,1.0,1345.200806,0.0,429.549312,0.0,0.0,1353.838257,369.393325,0.0,0.0,0.0,1.0,0.0,0,0,0,0,0,0,0
1509044752385707210,218,0,,600,800,plumb_bob,-0.050937,-0.096261,0.011851,0.008042,0.0,1352.72968,0.0,426.573376,0.0,1362.529057,366.755119,0.0,0.0,1.0,1.0,0.0,0.0,0.0,1.0,0.0,0.0,0.0,1.0,1345.200806,0.0,429.549312,0.0,0.0,1353.838257,369.393325,0.0,0.0,0.0,1.0,0.0,0,0,0,0,0,0,0
1509044752483201705,219,0,,600,800,plumb_bob,-0.050937,-0.096261,0.011851,0.008042,0.0,1352.72968,0.0,426.573376,0.0,1362.529057,366.755119,0.0,0.0,1.0,1.0,0.0,0.0,0.0,1.0,0.0,0.0,0.0,1.0,1345.200806,0.0,429.549312,0.0,0.0,1353.838257,369.393325,0.0,0.0,0.0,1.0,0.0,0,0,0,0,0,0,0
1509044752583151471,220,0,,600,800,plumb_bob,-0.050937,-0.096261,0.011851,0.008042,0.0,1352.72968,0.0,426.573376,0.0,1362.529057,366.755119,0.0,0.0,1.0,1.0,0.0,0.0,0.0,1.0,0.0,0.0,0.0,1.0,1345.200806,0.0,429.549312,0.0,0.0,1353.838257,369.393325,0.0,0.0,0.0,1.0,0.0,0,0,0,0,0,0,0
1509044752683203198,221,0,,600,800,plumb_bob,-0.050937,-0.096261,0.011851,0.008042,0.0,1352.72968,0.0,426.573376,0.0,1362.529057,366.755119,0.0,0.0,1.0,1.0,0.0,0.0,0.0,1.0,0.0,0.0,0.0,1.0,1345.200806,0.0,429.549312,0.0,0.0,1353.838257,369.393325,0.0,0.0,0.0,1.0,0.0,0,0,0,0,0,0,0
1509044752783205088,222,0,,600,800,plumb_bob,-0.050937,-0.096261,0.011851,0.008042,0.0,1352.72968,0.0,426.573376,0.0,1362.529057,366.755119,0.0,0.0,1.0,1.0,0.0,0.0,0.0,1.0,0.0,0.0,0.0,1.0,1345.200806,0.0,429.549312,0.0,0.0,1353.838257,369.393325,0.0,0.0,0.0,1.0,0.0,0,0,0,0,0,0,0
1509044752883175285,223,0,,600,800,plumb_bob,-0.050937,-0.096261,0.011851,0.008042,0.0,1352.72968,0.0,426.573376,0.0,1362.529057,366.755119,0.0,0.0,1.0,1.0,0.0,0.0,0.0,1.0,0.0,0.0,0.0,1.0,1345.200806,0.0,429.549312,0.0,0.0,1353.838257,369.393325,0.0,0.0,0.0,1.0,0.0,0,0,0,0,0,0,0
1509044752983166669,224,0,,600,800,plumb_bob,-0.050937,-0.096261,0.011851,0.008042,0.0,1352.72968,0.0,426.573376,0.0,1362.529057,366.755119,0.0,0.0,1.0,1.0,0.0,0.0,0.0,1.0,0.0,0.0,0.0,1.0,1345.200806,0.0,429.549312,0.0,0.0,1353.838257,369.393325,0.0,0.0,0.0,1.0,0.0,0,0,0,0,0,0,0
1509044753083151199,225,0,,600,800,plumb_bob,-0.050937,-0.096261,0.011851,0.008042,0.0,1352.72968,0.0,426.573376,0.0,1362.529057,366.755119,0.0,0.0,1.0,1.0,0.0,0.0,0.0,1.0,0.0,0.0,0.0,1.0,1345.200806,0.0,429.549312,0.0,0.0,1353.838257,369.393325,0.0,0.0,0.0,1.0,0.0,0,0,0,0,0,0,0
1509044753183155741,226,0,,600,800,plumb_bob,-0.050937,-0.096261,0.011851,0.008042,0.0,1352.72968,0.0,426.573376,0.0,1362.529057,366.755119,0.0,0.0,1.0,1.0,0.0,0.0,0.0,1.0,0.0,0.0,0.0,1.0,1345.200806,0.0,429.549312,0.0,0.0,1353.838257,369.393325,0.0,0.0,0.0,1.0,0.0,0,0,0,0,0,0,0
1509044753283206944,227,0,,600,800,plumb_bob,-0.050937,-0.096261,0.011851,0.008042,0.0,1352.72968,0.0,426.573376,0.0,1362.529057,366.755119,0.0,0.0,1.0,1.0,0.0,0.0,0.0,1.0,0.0,0.0,0.0,1.0,1345.200806,0.0,429.549312,0.0,0.0,1353.838257,369.393325,0.0,0.0,0.0,1.0,0.0,0,0,0,0,0,0,0
1509044753383229016,228,0,,600,800,plumb_bob,-0.050937,-0.096261,0.011851,0.008042,0.0,1352.72968,0.0,426.573376,0.0,1362.529057,366.755119,0.0,0.0,1.0,1.0,0.0,0.0,0.0,1.0,0.0,0.0,0.0,1.0,1345.200806,0.0,429.549312,0.0,0.0,1353.838257,369.393325,0.0,0.0,0.0,1.0,0.0,0,0,0,0,0,0,0
1509044753483180833,229,0,,600,800,plumb_bob,-0.050937,-0.096261,0.011851,0.008042,0.0,1352.72968,0.0,426.573376,0.0,1362.529057,366.755119,0.0,0.0,1.0,1.0,0.0,0.0,0.0,1.0,0.0,0.0,0.0,1.0,1345.200806,0.0,429.549312,0.0,0.0,1353.838257,369.393325,0.0,0.0,0.0,1.0,0.0,0,0,0,0,0,0,0
1509044753583260021,230,0,,600,800,plumb_bob,-0.050937,-0.096261,0.011851,0.008042,0.0,1352.72968,0.0,426.573376,0.0,1362.529057,366.755119,0.0,0.0,1.0,1.0,0.0,0.0,0.0,1.0,0.0,0.0,0.0,1.0,1345.200806,0.0,429.549312,0.0,0.0,1353.838257,369.393325,0.0,0.0,0.0,1.0,0.0,0,0,0,0,0,0,0
1509044753683241770,231,0,,600,800,plumb_bob,-0.050937,-0.096261,0.011851,0.008042,0.0,1352.72968,0.0,426.573376,0.0,1362.529057,366.755119,0.0,0.0,1.0,1.0,0.0,0.0,0.0,1.0,0.0,0.0,0.0,1.0,1345.200806,0.0,429.549312,0.0,0.0,1353.838257,369.393325,0.0,0.0,0.0,1.0,0.0,0,0,0,0,0,0,0
1509044753783915761,232,0,,600,800,plumb_bob,-0.050937,-0.096261,0.011851,0.008042,0.0,1352.72968,0.0,426.573376,0.0,1362.529057,366.755119,0.0,0.0,1.0,1.0,0.0,0.0,0.0,1.0,0.0,0.0,0.0,1.0,1345.200806,0.0,429.549312,0.0,0.0,1353.838257,369.393325,0.0,0.0,0.0,1.0,0.0,0,0,0,0,0,0,0
1509044753883317339,233,0,,600,800,plumb_bob,-0.050937,-0.096261,0.011851,0.008042,0.0,1352.72968,0.0,426.573376,0.0,1362.529057,366.755119,0.0,0.0,1.0,1.0,0.0,0.0,0.0,1.0,0.0,0.0,0.0,1.0,1345.200806,0.0,429.549312,0.0,0.0,1353.838257,369.393325,0.0,0.0,0.0,1.0,0.0,0,0,0,0,0,0,0
1509044753983217295,234,0,,600,800,plumb_bob,-0.050937,-0.096261,0.011851,0.008042,0.0,1352.72968,0.0,426.573376,0.0,1362.529057,366.755119,0.0,0.0,1.0,1.0,0.0,0.0,0.0,1.0,0.0,0.0,0.0,1.0,1345.200806,0.0,429.549312,0.0,0.0,1353.838257,369.393325,0.0,0.0,0.0,1.0,0.0,0,0,0,0,0,0,0
1509044754083627801,235,0,,600,800,plumb_bob,-0.050937,-0.096261,0.011851,0.008042,0.0,1352.72968,0.0,426.573376,0.0,1362.529057,366.755119,0.0,0.0,1.0,1.0,0.0,0.0,0.0,1.0,0.0,0.0,0.0,1.0,1345.200806,0.0,429.549312,0.0,0.0,1353.838257,369.393325,0.0,0.0,0.0,1.0,0.0,0,0,0,0,0,0,0
1509044754183410804,236,0,,600,800,plumb_bob,-0.050937,-0.096261,0.011851,0.008042,0.0,1352.72968,0.0,426.573376,0.0,1362.529057,366.755119,0.0,0.0,1.0,1.0,0.0,0.0,0.0,1.0,0.0,0.0,0.0,1.0,1345.200806,0.0,429.549312,0.0,0.0,1353.838257,369.393325,0.0,0.0,0.0,1.0,0.0,0,0,0,0,0,0,0
1509044754283117329,237,0,,600,800,plumb_bob,-0.050937,-0.096261,0.011851,0.008042,0.0,1352.72968,0.0,426.573376,0.0,1362.529057,366.755119,0.0,0.0,1.0,1.0,0.0,0.0,0.0,1.0,0.0,0.0,0.0,1.0,1345.200806,0.0,429.549312,0.0,0.0,1353.838257,369.393325,0.0,0.0,0.0,1.0,0.0,0,0,0,0,0,0,0
1509044754383200876,238,0,,600,800,plumb_bob,-0.050937,-0.096261,0.011851,0.008042,0.0,1352.72968,0.0,426.573376,0.0,1362.529057,366.755119,0.0,0.0,1.0,1.0,0.0,0.0,0.0,1.0,0.0,0.0,0.0,1.0,1345.200806,0.0,429.549312,0.0,0.0,1353.838257,369.393325,0.0,0.0,0.0,1.0,0.0,0,0,0,0,0,0,0
1509044754483158797,239,0,,600,800,plumb_bob,-0.050937,-0.096261,0.011851,0.008042,0.0,1352.72968,0.0,426.573376,0.0,1362.529057,366.755119,0.0,0.0,1.0,1.0,0.0,0.0,0.0,1.0,0.0,0.0,0.0,1.0,1345.200806,0.0,429.549312,0.0,0.0,1353.838257,369.393325,0.0,0.0,0.0,1.0,0.0,0,0,0,0,0,0,0
1509044754583157109,240,0,,600,800,plumb_bob,-0.050937,-0.096261,0.011851,0.008042,0.0,1352.72968,0.0,426.573376,0.0,1362.529057,366.755119,0.0,0.0,1.0,1.0,0.0,0.0,0.0,1.0,0.0,0.0,0.0,1.0,1345.200806,0.0,429.549312,0.0,0.0,1353.838257,369.393325,0.0,0.0,0.0,1.0,0.0,0,0,0,0,0,0,0
1509044754683124947,241,0,,600,800,plumb_bob,-0.050937,-0.096261,0.011851,0.008042,0.0,1352.72968,0.0,426.573376,0.0,1362.529057,366.755119,0.0,0.0,1.0,1.0,0.0,0.0,0.0,1.0,0.0,0.0,0.0,1.0,1345.200806,0.0,429.549312,0.0,0.0,1353.838257,369.393325,0.0,0.0,0.0,1.0,0.0,0,0,0,0,0,0,0
1509044754783518189,242,0,,600,800,plumb_bob,-0.050937,-0.096261,0.011851,0.008042,0.0,1352.72968,0.0,426.573376,0.0,1362.529057,366.755119,0.0,0.0,1.0,1.0,0.0,0.0,0.0,1.0,0.0,0.0,0.0,1.0,1345.200806,0.0,429.549312,0.0,0.0,1353.838257,369.393325,0.0,0.0,0.0,1.0,0.0,0,0,0,0,0,0,0
1509044754883153972,243,0,,600,800,plumb_bob,-0.050937,-0.096261,0.011851,0.008042,0.0,1352.72968,0.0,426.573376,0.0,1362.529057,366.755119,0.0,0.0,1.0,1.0,0.0,0.0,0.0,1.0,0.0,0.0,0.0,1.0,1345.200806,0.0,429.549312,0.0,0.0,1353.838257,369.393325,0.0,0.0,0.0,1.0,0.0,0,0,0,0,0,0,0
1509044754983305350,244,0,,600,800,plumb_bob,-0.050937,-0.096261,0.011851,0.008042,0.0,1352.72968,0.0,426.573376,0.0,1362.529057,366.755119,0.0,0.0,1.0,1.0,0.0,0.0,0.0,1.0,0.0,0.0,0.0,1.0,1345.200806,0.0,429.549312,0.0,0.0,1353.838257,369.393325,0.0,0.0,0.0,1.0,0.0,0,0,0,0,0,0,0
1509044755083157501,245,0,,600,800,plumb_bob,-0.050937,-0.096261,0.011851,0.008042,0.0,1352.72968,0.0,426.573376,0.0,1362.529057,366.755119,0.0,0.0,1.0,1.0,0.0,0.0,0.0,1.0,0.0,0.0,0.0,1.0,1345.200806,0.0,429.549312,0.0,0.0,1353.838257,369.393325,0.0,0.0,0.0,1.0,0.0,0,0,0,0,0,0,0
1509044755183175673,246,0,,600,800,plumb_bob,-0.050937,-0.096261,0.011851,0.008042,0.0,1352.72968,0.0,426.573376,0.0,1362.529057,366.755119,0.0,0.0,1.0,1.0,0.0,0.0,0.0,1.0,0.0,0.0,0.0,1.0,1345.200806,0.0,429.549312,0.0,0.0,1353.838257,369.393325,0.0,0.0,0.0,1.0,0.0,0,0,0,0,0,0,0
1509044755283156435,247,0,,600,800,plumb_bob,-0.050937,-0.096261,0.011851,0.008042,0.0,1352.72968,0.0,426.573376,0.0,1362.529057,366.755119,0.0,0.0,1.0,1.0,0.0,0.0,0.0,1.0,0.0,0.0,0.0,1.0,1345.200806,0.0,429.549312,0.0,0.0,1353.838257,369.393325,0.0,0.0,0.0,1.0,0.0,0,0,0,0,0,0,0
1509044755384665453,248,0,,600,800,plumb_bob,-0.050937,-0.096261,0.011851,0.008042,0.0,1352.72968,0.0,426.573376,0.0,1362.529057,366.755119,0.0,0.0,1.0,1.0,0.0,0.0,0.0,1.0,0.0,0.0,0.0,1.0,1345.200806,0.0,429.549312,0.0,0.0,1353.838257,369.393325,0.0,0.0,0.0,1.0,0.0,0,0,0,0,0,0,0
1509044755483267871,249,0,,600,800,plumb_bob,-0.050937,-0.096261,0.011851,0.008042,0.0,1352.72968,0.0,426.573376,0.0,1362.529057,366.755119,0.0,0.0,1.0,1.0,0.0,0.0,0.0,1.0,0.0,0.0,0.0,1.0,1345.200806,0.0,429.549312,0.0,0.0,1353.838257,369.393325,0.0,0.0,0.0,1.0,0.0,0,0,0,0,0,0,0
1509044755583165682,250,0,,600,800,plumb_bob,-0.050937,-0.096261,0.011851,0.008042,0.0,1352.72968,0.0,426.573376,0.0,1362.529057,366.755119,0.0,0.0,1.0,1.0,0.0,0.0,0.0,1.0,0.0,0.0,0.0,1.0,1345.200806,0.0,429.549312,0.0,0.0,1353.838257,369.393325,0.0,0.0,0.0,1.0,0.0,0,0,0,0,0,0,0
1509044755683152487,251,0,,600,800,plumb_bob,-0.050937,-0.096261,0.011851,0.008042,0.0,1352.72968,0.0,426.573376,0.0,1362.529057,366.755119,0.0,0.0,1.0,1.0,0.0,0.0,0.0,1.0,0.0,0.0,0.0,1.0,1345.200806,0.0,429.549312,0.0,0.0,1353.838257,369.393325,0.0,0.0,0.0,1.0,0.0,0,0,0,0,0,0,0
1509044755783314815,252,0,,600,800,plumb_bob,-0.050937,-0.096261,0.011851,0.008042,0.0,1352.72968,0.0,426.573376,0.0,1362.529057,366.755119,0.0,0.0,1.0,1.0,0.0,0.0,0.0,1.0,0.0,0.0,0.0,1.0,1345.200806,0.0,429.549312,0.0,0.0,1353.838257,369.393325,0.0,0.0,0.0,1.0,0.0,0,0,0,0,0,0,0
1509044755883610778,253,0,,600,800,plumb_bob,-0.050937,-0.096261,0.011851,0.008042,0.0,1352.72968,0.0,426.573376,0.0,1362.529057,366.755119,0.0,0.0,1.0,1.0,0.0,0.0,0.0,1.0,0.0,0.0,0.0,1.0,1345.200806,0.0,429.549312,0.0,0.0,1353.838257,369.393325,0.0,0.0,0.0,1.0,0.0,0,0,0,0,0,0,0
1509044755983204633,254,0,,600,800,plumb_bob,-0.050937,-0.096261,0.011851,0.008042,0.0,1352.72968,0.0,426.573376,0.0,1362.529057,366.755119,0.0,0.0,1.0,1.0,0.0,0.0,0.0,1.0,0.0,0.0,0.0,1.0,1345.200806,0.0,429.549312,0.0,0.0,1353.838257,369.393325,0.0,0.0,0.0,1.0,0.0,0,0,0,0,0,0,0
1509044756083182877,255,0,,600,800,plumb_bob,-0.050937,-0.096261,0.011851,0.008042,0.0,1352.72968,0.0,426.573376,0.0,1362.529057,366.755119,0.0,0.0,1.0,1.0,0.0,0.0,0.0,1.0,0.0,0.0,0.0,1.0,1345.200806,0.0,429.549312,0.0,0.0,1353.838257,369.393325,0.0,0.0,0.0,1.0,0.0,0,0,0,0,0,0,0
1509044756183225651,256,0,,600,800,plumb_bob,-0.050937,-0.096261,0.011851,0.008042,0.0,1352.72968,0.0,426.573376,0.0,1362.529057,366.755119,0.0,0.0,1.0,1.0,0.0,0.0,0.0,1.0,0.0,0.0,0.0,1.0,1345.200806,0.0,429.549312,0.0,0.0,1353.838257,369.393325,0.0,0.0,0.0,1.0,0.0,0,0,0,0,0,0,0
1509044756283147988,257,0,,600,800,plumb_bob,-0.050937,-0.096261,0.011851,0.008042,0.0,1352.72968,0.0,426.573376,0.0,1362.529057,366.755119,0.0,0.0,1.0,1.0,0.0,0.0,0.0,1.0,0.0,0.0,0.0,1.0,1345.200806,0.0,429.549312,0.0,0.0,1353.838257,369.393325,0.0,0.0,0.0,1.0,0.0,0,0,0,0,0,0,0
1509044756383601262,258,0,,600,800,plumb_bob,-0.050937,-0.096261,0.011851,0.008042,0.0,1352.72968,0.0,426.573376,0.0,1362.529057,366.755119,0.0,0.0,1.0,1.0,0.0,0.0,0.0,1.0,0.0,0.0,0.0,1.0,1345.200806,0.0,429.549312,0.0,0.0,1353.838257,369.393325,0.0,0.0,0.0,1.0,0.0,0,0,0,0,0,0,0
1509044756483298777,259,0,,600,800,plumb_bob,-0.050937,-0.096261,0.011851,0.008042,0.0,1352.72968,0.0,426.573376,0.0,1362.529057,366.755119,0.0,0.0,1.0,1.0,0.0,0.0,0.0,1.0,0.0,0.0,0.0,1.0,1345.200806,0.0,429.549312,0.0,0.0,1353.838257,369.393325,0.0,0.0,0.0,1.0,0.0,0,0,0,0,0,0,0
1509044756583245550,260,0,,600,800,plumb_bob,-0.050937,-0.096261,0.011851,0.008042,0.0,1352.72968,0.0,426.573376,0.0,1362.529057,366.755119,0.0,0.0,1.0,1.0,0.0,0.0,0.0,1.0,0.0,0.0,0.0,1.0,1345.200806,0.0,429.549312,0.0,0.0,1353.838257,369.393325,0.0,0.0,0.0,1.0,0.0,0,0,0,0,0,0,0
1509044756683150346,261,0,,600,800,plumb_bob,-0.050937,-0.096261,0.011851,0.008042,0.0,1352.72968,0.0,426.573376,0.0,1362.529057,366.755119,0.0,0.0,1.0,1.0,0.0,0.0,0.0,1.0,0.0,0.0,0.0,1.0,1345.200806,0.0,429.549312,0.0,0.0,1353.838257,369.393325,0.0,0.0,0.0,1.0,0.0,0,0,0,0,0,0,0
1509044756783222846,262,0,,600,800,plumb_bob,-0.050937,-0.096261,0.011851,0.008042,0.0,1352.72968,0.0,426.573376,0.0,1362.529057,366.755119,0.0,0.0,1.0,1.0,0.0,0.0,0.0,1.0,0.0,0.0,0.0,1.0,1345.200806,0.0,429.549312,0.0,0.0,1353.838257,369.393325,0.0,0.0,0.0,1.0,0.0,0,0,0,0,0,0,0
1509044756883091640,263,0,,600,800,plumb_bob,-0.050937,-0.096261,0.011851,0.008042,0.0,1352.72968,0.0,426.573376,0.0,1362.529057,366.755119,0.0,0.0,1.0,1.0,0.0,0.0,0.0,1.0,0.0,0.0,0.0,1.0,1345.200806,0.0,429.549312,0.0,0.0,1353.838257,369.393325,0.0,0.0,0.0,1.0,0.0,0,0,0,0,0,0,0
1509044756983266211,264,0,,600,800,plumb_bob,-0.050937,-0.096261,0.011851,0.008042,0.0,1352.72968,0.0,426.573376,0.0,1362.529057,366.755119,0.0,0.0,1.0,1.0,0.0,0.0,0.0,1.0,0.0,0.0,0.0,1.0,1345.200806,0.0,429.549312,0.0,0.0,1353.838257,369.393325,0.0,0.0,0.0,1.0,0.0,0,0,0,0,0,0,0
1509044757083253654,265,0,,600,800,plumb_bob,-0.050937,-0.096261,0.011851,0.008042,0.0,1352.72968,0.0,426.573376,0.0,1362.529057,366.755119,0.0,0.0,1.0,1.0,0.0,0.0,0.0,1.0,0.0,0.0,0.0,1.0,1345.200806,0.0,429.549312,0.0,0.0,1353.838257,369.393325,0.0,0.0,0.0,1.0,0.0,0,0,0,0,0,0,0
1509044757183208713,266,0,,600,800,plumb_bob,-0.050937,-0.096261,0.011851,0.008042,0.0,1352.72968,0.0,426.573376,0.0,1362.529057,366.755119,0.0,0.0,1.0,1.0,0.0,0.0,0.0,1.0,0.0,0.0,0.0,1.0,1345.200806,0.0,429.549312,0.0,0.0,1353.838257,369.393325,0.0,0.0,0.0,1.0,0.0,0,0,0,0,0,0,0
1509044757283167112,267,0,,600,800,plumb_bob,-0.050937,-0.096261,0.011851,0.008042,0.0,1352.72968,0.0,426.573376,0.0,1362.529057,366.755119,0.0,0.0,1.0,1.0,0.0,0.0,0.0,1.0,0.0,0.0,0.0,1.0,1345.200806,0.0,429.549312,0.0,0.0,1353.838257,369.393325,0.0,0.0,0.0,1.0,0.0,0,0,0,0,0,0,0
1509044757383244945,268,0,,600,800,plumb_bob,-0.050937,-0.096261,0.011851,0.008042,0.0,1352.72968,0.0,426.573376,0.0,1362.529057,366.755119,0.0,0.0,1.0,1.0,0.0,0.0,0.0,1.0,0.0,0.0,0.0,1.0,1345.200806,0.0,429.549312,0.0,0.0,1353.838257,369.393325,0.0,0.0,0.0,1.0,0.0,0,0,0,0,0,0,0
1509044757483136611,269,0,,600,800,plumb_bob,-0.050937,-0.096261,0.011851,0.008042,0.0,1352.72968,0.0,426.573376,0.0,1362.529057,366.755119,0.0,0.0,1.0,1.0,0.0,0.0,0.0,1.0,0.0,0.0,0.0,1.0,1345.200806,0.0,429.549312,0.0,0.0,1353.838257,369.393325,0.0,0.0,0.0,1.0,0.0,0,0,0,0,0,0,0
1509044757583179090,270,0,,600,800,plumb_bob,-0.050937,-0.096261,0.011851,0.008042,0.0,1352.72968,0.0,426.573376,0.0,1362.529057,366.755119,0.0,0.0,1.0,1.0,0.0,0.0,0.0,1.0,0.0,0.0,0.0,1.0,1345.200806,0.0,429.549312,0.0,0.0,1353.838257,369.393325,0.0,0.0,0.0,1.0,0.0,0,0,0,0,0,0,0
1509044757683205087,271,0,,600,800,plumb_bob,-0.050937,-0.096261,0.011851,0.008042,0.0,1352.72968,0.0,426.573376,0.0,1362.529057,366.755119,0.0,0.0,1.0,1.0,0.0,0.0,0.0,1.0,0.0,0.0,0.0,1.0,1345.200806,0.0,429.549312,0.0,0.0,1353.838257,369.393325,0.0,0.0,0.0,1.0,0.0,0,0,0,0,0,0,0
1509044757783236359,272,0,,600,800,plumb_bob,-0.050937,-0.096261,0.011851,0.008042,0.0,1352.72968,0.0,426.573376,0.0,1362.529057,366.755119,0.0,0.0,1.0,1.0,0.0,0.0,0.0,1.0,0.0,0.0,0.0,1.0,1345.200806,0.0,429.549312,0.0,0.0,1353.838257,369.393325,0.0,0.0,0.0,1.0,0.0,0,0,0,0,0,0,0
1509044757883146574,273,0,,600,800,plumb_bob,-0.050937,-0.096261,0.011851,0.008042,0.0,1352.72968,0.0,426.573376,0.0,1362.529057,366.755119,0.0,0.0,1.0,1.0,0.0,0.0,0.0,1.0,0.0,0.0,0.0,1.0,1345.200806,0.0,429.549312,0.0,0.0,1353.838257,369.393325,0.0,0.0,0.0,1.0,0.0,0,0,0,0,0,0,0
1509044757983148634,274,0,,600,800,plumb_bob,-0.050937,-0.096261,0.011851,0.008042,0.0,1352.72968,0.0,426.573376,0.0,1362.529057,366.755119,0.0,0.0,1.0,1.0,0.0,0.0,0.0,1.0,0.0,0.0,0.0,1.0,1345.200806,0.0,429.549312,0.0,0.0,1353.838257,369.393325,0.0,0.0,0.0,1.0,0.0,0,0,0,0,0,0,0
1509044758083248916,275,0,,600,800,plumb_bob,-0.050937,-0.096261,0.011851,0.008042,0.0,1352.72968,0.0,426.573376,0.0,1362.529057,366.755119,0.0,0.0,1.0,1.0,0.0,0.0,0.0,1.0,0.0,0.0,0.0,1.0,1345.200806,0.0,429.549312,0.0,0.0,1353.838257,369.393325,0.0,0.0,0.0,1.0,0.0,0,0,0,0,0,0,0
1509044758183249984,276,0,,600,800,plumb_bob,-0.050937,-0.096261,0.011851,0.008042,0.0,1352.72968,0.0,426.573376,0.0,1362.529057,366.755119,0.0,0.0,1.0,1.0,0.0,0.0,0.0,1.0,0.0,0.0,0.0,1.0,1345.200806,0.0,429.549312,0.0,0.0,1353.838257,369.393325,0.0,0.0,0.0,1.0,0.0,0,0,0,0,0,0,0
1509044758283272015,277,0,,600,800,plumb_bob,-0.050937,-0.096261,0.011851,0.008042,0.0,1352.72968,0.0,426.573376,0.0,1362.529057,366.755119,0.0,0.0,1.0,1.0,0.0,0.0,0.0,1.0,0.0,0.0,0.0,1.0,1345.200806,0.0,429.549312,0.0,0.0,1353.838257,369.393325,0.0,0.0,0.0,1.0,0.0,0,0,0,0,0,0,0
1509044758383346828,278,0,,600,800,plumb_bob,-0.050937,-0.096261,0.011851,0.008042,0.0,1352.72968,0.0,426.573376,0.0,1362.529057,366.755119,0.0,0.0,1.0,1.0,0.0,0.0,0.0,1.0,0.0,0.0,0.0,1.0,1345.200806,0.0,429.549312,0.0,0.0,1353.838257,369.393325,0.0,0.0,0.0,1.0,0.0,0,0,0,0,0,0,0
1509044758483241085,279,0,,600,800,plumb_bob,-0.050937,-0.096261,0.011851,0.008042,0.0,1352.72968,0.0,426.573376,0.0,1362.529057,366.755119,0.0,0.0,1.0,1.0,0.0,0.0,0.0,1.0,0.0,0.0,0.0,1.0,1345.200806,0.0,429.549312,0.0,0.0,1353.838257,369.393325,0.0,0.0,0.0,1.0,0.0,0,0,0,0,0,0,0
1509044758583500205,280,0,,600,800,plumb_bob,-0.050937,-0.096261,0.011851,0.008042,0.0,1352.72968,0.0,426.573376,0.0,1362.529057,366.755119,0.0,0.0,1.0,1.0,0.0,0.0,0.0,1.0,0.0,0.0,0.0,1.0,1345.200806,0.0,429.549312,0.0,0.0,1353.838257,369.393325,0.0,0.0,0.0,1.0,0.0,0,0,0,0,0,0,0
1509044758683259261,281,0,,600,800,plumb_bob,-0.050937,-0.096261,0.011851,0.008042,0.0,1352.72968,0.0,426.573376,0.0,1362.529057,366.755119,0.0,0.0,1.0,1.0,0.0,0.0,0.0,1.0,0.0,0.0,0.0,1.0,1345.200806,0.0,429.549312,0.0,0.0,1353.838257,369.393325,0.0,0.0,0.0,1.0,0.0,0,0,0,0,0,0,0
1509044758783814323,282,0,,600,800,plumb_bob,-0.050937,-0.096261,0.011851,0.008042,0.0,1352.72968,0.0,426.573376,0.0,1362.529057,366.755119,0.0,0.0,1.0,1.0,0.0,0.0,0.0,1.0,0.0,0.0,0.0,1.0,1345.200806,0.0,429.549312,0.0,0.0,1353.838257,369.393325,0.0,0.0,0.0,1.0,0.0,0,0,0,0,0,0,0
1509044758883329241,283,0,,600,800,plumb_bob,-0.050937,-0.096261,0.011851,0.008042,0.0,1352.72968,0.0,426.573376,0.0,1362.529057,366.755119,0.0,0.0,1.0,1.0,0.0,0.0,0.0,1.0,0.0,0.0,0.0,1.0,1345.200806,0.0,429.549312,0.0,0.0,1353.838257,369.393325,0.0,0.0,0.0,1.0,0.0,0,0,0,0,0,0,0
1509044758983204800,284,0,,600,800,plumb_bob,-0.050937,-0.096261,0.011851,0.008042,0.0,1352.72968,0.0,426.573376,0.0,1362.529057,366.755119,0.0,0.0,1.0,1.0,0.0,0.0,0.0,1.0,0.0,0.0,0.0,1.0,1345.200806,0.0,429.549312,0.0,0.0,1353.838257,369.393325,0.0,0.0,0.0,1.0,0.0,0,0,0,0,0,0,0
1509044759083791583,285,0,,600,800,plumb_bob,-0.050937,-0.096261,0.011851,0.008042,0.0,1352.72968,0.0,426.573376,0.0,1362.529057,366.755119,0.0,0.0,1.0,1.0,0.0,0.0,0.0,1.0,0.0,0.0,0.0,1.0,1345.200806,0.0,429.549312,0.0,0.0,1353.838257,369.393325,0.0,0.0,0.0,1.0,0.0,0,0,0,0,0,0,0
1509044759183365819,286,0,,600,800,plumb_bob,-0.050937,-0.096261,0.011851,0.008042,0.0,1352.72968,0.0,426.573376,0.0,1362.529057,366.755119,0.0,0.0,1.0,1.0,0.0,0.0,0.0,1.0,0.0,0.0,0.0,1.0,1345.200806,0.0,429.549312,0.0,0.0,1353.838257,369.393325,0.0,0.0,0.0,1.0,0.0,0,0,0,0,0,0,0
1509044759283183763,287,0,,600,800,plumb_bob,-0.050937,-0.096261,0.011851,0.008042,0.0,1352.72968,0.0,426.573376,0.0,1362.529057,366.755119,0.0,0.0,1.0,1.0,0.0,0.0,0.0,1.0,0.0,0.0,0.0,1.0,1345.200806,0.0,429.549312,0.0,0.0,1353.838257,369.393325,0.0,0.0,0.0,1.0,0.0,0,0,0,0,0,0,0
1509044759383181997,288,0,,600,800,plumb_bob,-0.050937,-0.096261,0.011851,0.008042,0.0,1352.72968,0.0,426.573376,0.0,1362.529057,366.755119,0.0,0.0,1.0,1.0,0.0,0.0,0.0,1.0,0.0,0.0,0.0,1.0,1345.200806,0.0,429.549312,0.0,0.0,1353.838257,369.393325,0.0,0.0,0.0,1.0,0.0,0,0,0,0,0,0,0
1509044759483144924,289,0,,600,800,plumb_bob,-0.050937,-0.096261,0.011851,0.008042,0.0,1352.72968,0.0,426.573376,0.0,1362.529057,366.755119,0.0,0.0,1.0,1.0,0.0,0.0,0.0,1.0,0.0,0.0,0.0,1.0,1345.200806,0.0,429.549312,0.0,0.0,1353.838257,369.393325,0.0,0.0,0.0,1.0,0.0,0,0,0,0,0,0,0
1509044759583245367,290,0,,600,800,plumb_bob,-0.050937,-0.096261,0.011851,0.008042,0.0,1352.72968,0.0,426.573376,0.0,1362.529057,366.755119,0.0,0.0,1.0,1.0,0.0,0.0,0.0,1.0,0.0,0.0,0.0,1.0,1345.200806,0.0,429.549312,0.0,0.0,1353.838257,369.393325,0.0,0.0,0.0,1.0,0.0,0,0,0,0,0,0,0
1509044759683150842,291,0,,600,800,plumb_bob,-0.050937,-0.096261,0.011851,0.008042,0.0,1352.72968,0.0,426.573376,0.0,1362.529057,366.755119,0.0,0.0,1.0,1.0,0.0,0.0,0.0,1.0,0.0,0.0,0.0,1.0,1345.200806,0.0,429.549312,0.0,0.0,1353.838257,369.393325,0.0,0.0,0.0,1.0,0.0,0,0,0,0,0,0,0
1509044759783174695,292,0,,600,800,plumb_bob,-0.050937,-0.096261,0.011851,0.008042,0.0,1352.72968,0.0,426.573376,0.0,1362.529057,366.755119,0.0,0.0,1.0,1.0,0.0,0.0,0.0,1.0,0.0,0.0,0.0,1.0,1345.200806,0.0,429.549312,0.0,0.0,1353.838257,369.393325,0.0,0.0,0.0,1.0,0.0,0,0,0,0,0,0,0
1509044759883239369,293,0,,600,800,plumb_bob,-0.050937,-0.096261,0.011851,0.008042,0.0,1352.72968,0.0,426.573376,0.0,1362.529057,366.755119,0.0,0.0,1.0,1.0,0.0,0.0,0.0,1.0,0.0,0.0,0.0,1.0,1345.200806,0.0,429.549312,0.0,0.0,1353.838257,369.393325,0.0,0.0,0.0,1.0,0.0,0,0,0,0,0,0,0
1509044759984186253,294,0,,600,800,plumb_bob,-0.050937,-0.096261,0.011851,0.008042,0.0,1352.72968,0.0,426.573376,0.0,1362.529057,366.755119,0.0,0.0,1.0,1.0,0.0,0.0,0.0,1.0,0.0,0.0,0.0,1.0,1345.200806,0.0,429.549312,0.0,0.0,1353.838257,369.393325,0.0,0.0,0.0,1.0,0.0,0,0,0,0,0,0,0
1509044760083326647,295,0,,600,800,plumb_bob,-0.050937,-0.096261,0.011851,0.008042,0.0,1352.72968,0.0,426.573376,0.0,1362.529057,366.755119,0.0,0.0,1.0,1.0,0.0,0.0,0.0,1.0,0.0,0.0,0.0,1.0,1345.200806,0.0,429.549312,0.0,0.0,1353.838257,369.393325,0.0,0.0,0.0,1.0,0.0,0,0,0,0,0,0,0
1509044760183224681,296,0,,600,800,plumb_bob,-0.050937,-0.096261,0.011851,0.008042,0.0,1352.72968,0.0,426.573376,0.0,1362.529057,366.755119,0.0,0.0,1.0,1.0,0.0,0.0,0.0,1.0,0.0,0.0,0.0,1.0,1345.200806,0.0,429.549312,0.0,0.0,1353.838257,369.393325,0.0,0.0,0.0,1.0,0.0,0,0,0,0,0,0,0
1509044760283165609,297,0,,600,800,plumb_bob,-0.050937,-0.096261,0.011851,0.008042,0.0,1352.72968,0.0,426.573376,0.0,1362.529057,366.755119,0.0,0.0,1.0,1.0,0.0,0.0,0.0,1.0,0.0,0.0,0.0,1.0,1345.200806,0.0,429.549312,0.0,0.0,1353.838257,369.393325,0.0,0.0,0.0,1.0,0.0,0,0,0,0,0,0,0
1509044760383180124,298,0,,600,800,plumb_bob,-0.050937,-0.096261,0.011851,0.008042,0.0,1352.72968,0.0,426.573376,0.0,1362.529057,366.755119,0.0,0.0,1.0,1.0,0.0,0.0,0.0,1.0,0.0,0.0,0.0,1.0,1345.200806,0.0,429.549312,0.0,0.0,1353.838257,369.393325,0.0,0.0,0.0,1.0,0.0,0,0,0,0,0,0,0
1509044760483150973,299,0,,600,800,plumb_bob,-0.050937,-0.096261,0.011851,0.008042,0.0,1352.72968,0.0,426.573376,0.0,1362.529057,366.755119,0.0,0.0,1.0,1.0,0.0,0.0,0.0,1.0,0.0,0.0,0.0,1.0,1345.200806,0.0,429.549312,0.0,0.0,1353.838257,369.393325,0.0,0.0,0.0,1.0,0.0,0,0,0,0,0,0,0
1509044760583200025,300,0,,600,800,plumb_bob,-0.050937,-0.096261,0.011851,0.008042,0.0,1352.72968,0.0,426.573376,0.0,1362.529057,366.755119,0.0,0.0,1.0,1.0,0.0,0.0,0.0,1.0,0.0,0.0,0.0,1.0,1345.200806,0.0,429.549312,0.0,0.0,1353.838257,369.393325,0.0,0.0,0.0,1.0,0.0,0,0,0,0,0,0,0
1509044760683137892,301,0,,600,800,plumb_bob,-0.050937,-0.096261,0.011851,0.008042,0.0,1352.72968,0.0,426.573376,0.0,1362.529057,366.755119,0.0,0.0,1.0,1.0,0.0,0.0,0.0,1.0,0.0,0.0,0.0,1.0,1345.200806,0.0,429.549312,0.0,0.0,1353.838257,369.393325,0.0,0.0,0.0,1.0,0.0,0,0,0,0,0,0,0
1509044760783175317,302,0,,600,800,plumb_bob,-0.050937,-0.096261,0.011851,0.008042,0.0,1352.72968,0.0,426.573376,0.0,1362.529057,366.755119,0.0,0.0,1.0,1.0,0.0,0.0,0.0,1.0,0.0,0.0,0.0,1.0,1345.200806,0.0,429.549312,0.0,0.0,1353.838257,369.393325,0.0,0.0,0.0,1.0,0.0,0,0,0,0,0,0,0
1509044760883192823,303,0,,600,800,plumb_bob,-0.050937,-0.096261,0.011851,0.008042,0.0,1352.72968,0.0,426.573376,0.0,1362.529057,366.755119,0.0,0.0,1.0,1.0,0.0,0.0,0.0,1.0,0.0,0.0,0.0,1.0,1345.200806,0.0,429.549312,0.0,0.0,1353.838257,369.393325,0.0,0.0,0.0,1.0,0.0,0,0,0,0,0,0,0
1509044760983251650,304,0,,600,800,plumb_bob,-0.050937,-0.096261,0.011851,0.008042,0.0,1352.72968,0.0,426.573376,0.0,1362.529057,366.755119,0.0,0.0,1.0,1.0,0.0,0.0,0.0,1.0,0.0,0.0,0.0,1.0,1345.200806,0.0,429.549312,0.0,0.0,1353.838257,369.393325,0.0,0.0,0.0,1.0,0.0,0,0,0,0,0,0,0
1509044761083179713,305,0,,600,800,plumb_bob,-0.050937,-0.096261,0.011851,0.008042,0.0,1352.72968,0.0,426.573376,0.0,1362.529057,366.755119,0.0,0.0,1.0,1.0,0.0,0.0,0.0,1.0,0.0,0.0,0.0,1.0,1345.200806,0.0,429.549312,0.0,0.0,1353.838257,369.393325,0.0,0.0,0.0,1.0,0.0,0,0,0,0,0,0,0
1509044761183238574,306,0,,600,800,plumb_bob,-0.050937,-0.096261,0.011851,0.008042,0.0,1352.72968,0.0,426.573376,0.0,1362.529057,366.755119,0.0,0.0,1.0,1.0,0.0,0.0,0.0,1.0,0.0,0.0,0.0,1.0,1345.200806,0.0,429.549312,0.0,0.0,1353.838257,369.393325,0.0,0.0,0.0,1.0,0.0,0,0,0,0,0,0,0
1509044761284458485,307,0,,600,800,plumb_bob,-0.050937,-0.096261,0.011851,0.008042,0.0,1352.72968,0.0,426.573376,0.0,1362.529057,366.755119,0.0,0.0,1.0,1.0,0.0,0.0,0.0,1.0,0.0,0.0,0.0,1.0,1345.200806,0.0,429.549312,0.0,0.0,1353.838257,369.393325,0.0,0.0,0.0,1.0,0.0,0,0,0,0,0,0,0
1509044761383235211,308,0,,600,800,plumb_bob,-0.050937,-0.096261,0.011851,0.008042,0.0,1352.72968,0.0,426.573376,0.0,1362.529057,366.755119,0.0,0.0,1.0,1.0,0.0,0.0,0.0,1.0,0.0,0.0,0.0,1.0,1345.200806,0.0,429.549312,0.0,0.0,1353.838257,369.393325,0.0,0.0,0.0,1.0,0.0,0,0,0,0,0,0,0
