%time,field.header.seq,field.header.stamp,field.header.frame_id,field.state.gear,field.cmd.gear,field.reject.value,field.override,field.fault_bus
1509044729648460580,55587,1509044729643490565,,4,0,0,0,0
1509044729693593062,55588,1509044729693422954,,4,0,0,0,0
1509044729743790764,55589,1509044729743432656,,4,0,0,0,0
1509044729794022847,55590,1509044729793766602,,4,0,0,0,0
1509044729844072473,55591,1509044729843777438,,4,0,0,0,0
1509044729894083570,55592,1509044729893859430,,4,0,0,0,0
1509044729944228879,55593,1509044729943897689,,4,0,0,0,0
1509044729994536288,55594,1509044729994296537,,4,0,0,0,0
1509044730046095939,55595,1509044730044780830,,4,0,0,0,0
1509044730094646890,55596,1509044730094475797,,4,0,0,0,0
1509044730145053263,55597,1509044730144606041,,4,0,0,0,0
1509044730194650238,55598,1509044730194494777,,4,0,0,0,0
1509044730244722785,55599,1509044730244559176,,4,0,0,0,0
1509044730294557511,55600,1509044730294494085,,4,0,0,0,0
1509044730344585936,55601,1509044730344502205,,4,0,0,0,0
1509044730395027556,55602,1509044730394873991,,4,0,0,0,0
1509044730444993906,55603,1509044730444857472,,4,0,0,0,0
1509044730494995230,55604,1509044730494867081,,4,0,0,0,0
1509044730544956050,55605,1509044730544863548,,4,0,0,0,0
1509044730595014798,55606,1509044730594877557,,4,0,0,0,0
1509044730645709494,55607,1509044730645494676,,4,0,0,0,0
1509044730695744999,55608,1509044730695472809,,4,0,0,0,0
1509044730745599485,55609,1509044730745471254,,4,0,0,0,0
1509044730795847836,55610,1509044730795496378,,4,0,0,0,0
1509044730845607901,55611,1509044730845488372,,4,0,0,0,0
1509044730895700137,55612,1509044730895542743,,4,0,0,0,0
1509044730945595911,55613,1509044730945497776,,4,0,0,0,0
1509044730995615113,55614,1509044730995506927,,4,0,0,0,0
1509044731046080199,55615,1509044731045936362,,4,0,0,0,0
1509044731096185998,55616,1509044731096080543,,4,0,0,0,0
1509044731146031884,55617,1509044731145944127,,4,0,0,0,0
1509044731196098152,55618,1509044731195949197,,4,0,0,0,0
1509044731246135406,55619,1509044731245962013,,4,0,0,0,0
1509044731296755689,55620,1509044731296622797,,4,0,0,0,0
1509044731346719486,55621,1509044731346576354,,4,0,0,0,0
1509044731396782654,55622,1509044731396656901,,4,0,0,0,0
1509044731446800194,55623,1509044731446574898,,4,0,0,0,0
1509044731496736310,55624,1509044731496655302,,4,0,0,0,0
1509044731546762527,55625,1509044731546606216,,4,0,0,0,0
1509044731596796945,55626,1509044731596696325,,4,0,0,0,0
1509044731646780753,55627,1509044731646607562,,4,0,0,0,0
1509044731696837204,55628,1509044731696680365,,4,0,0,0,0
1509044731747191232,55629,1509044731747028629,,4,0,0,0,0
1509044731797164425,55630,1509044731797033167,,4,0,0,0,0
1509044731850078248,55631,1509044731849842742,,4,0,0,0,0
1509044731897272040,55632,1509044731897069384,,4,0,0,0,0
1509044731948603697,55633,1509044731947647715,,4,0,0,0,0
1509044731997750002,55634,1509044731997638827,,4,0,0,0,0
1509044732047793410,55635,1509044732047657118,,4,0,0,0,0
1509044732097861605,55636,1509044732097687293,,4,0,0,0,0
1509044732147795385,55637,1509044732147664939,,4,0,0,0,0
1509044732197812217,55638,1509044732197668338,,4,0,0,0,0
1509044732247803382,55639,1509044732247684025,,4,0,0,0,0
1509044732297837059,55640,1509044732297690569,,4,0,0,0,0
1509044732348229234,55641,1509044732348111943,,4,0,0,0,0
1509044732398221199,55642,1509044732398111100,,4,0,0,0,0
1509044732448252968,55643,1509044732448124651,,4,0,0,0,0
1509044732498249461,55644,1509044732498127665,,4,0,0,0,0
1509044732548373772,55645,1509044732548186203,,4,0,0,0,0
1509044732598934196,55646,1509044732598744234,,4,0,0,0,0
1509044732648896065,55647,1509044732648758567,,4,0,0,0,0
1509044732698901238,55648,1509044732698770089,,4,0,0,0,0
1509044732748907524,55649,1509044732748800073,,4,0,0,0,0
1509044732798883714,55650,1509044732798768099,,4,0,0,0,0
1509044732849048756,55651,1509044732848783615,,4,0,0,0,0
1509044732899248612,55652,1509044732898760639,,4,0,0,0,0
1509044732949477204,55653,1509044732949244309,,4,0,0,0,0
1509044732999435313,55654,1509044732999220365,,4,0,0,0,0
1509044733049440364,55655,1509044733049255245,,4,0,0,0,0
1509044733100000476,55656,1509044733099207951,,4,0,0,0,0
1509044733149336574,55657,1509044733149211164,,4,0,0,0,0
1509044733199310713,55658,1509044733199221202,,4,0,0,0,0
1509044733249947383,55659,1509044733249816125,,4,0,0,0,0
1509044733300033825,55660,1509044733299895583,,4,0,0,0,0
1509044733350088452,55661,1509044733349844182,,4,0,0,0,0
1509044733400103739,55662,1509044733400008574,,4,0,0,0,0
1509044733450072926,55663,1509044733449845858,,4,0,0,0,0
1509044733500026919,55664,1509044733499932577,,4,0,0,0,0
1509044733550167696,55665,1509044733549878398,,4,0,0,0,0
1509044733600044672,55666,1509044733599955116,,4,0,0,0,0
1509044733650395454,55667,1509044733650281514,,4,0,0,0,0
1509044733700397143,55668,1509044733700307841,,4,0,0,0,0
1509044733750494268,55669,1509044733750377864,,4,0,0,0,0
1509044733800396088,55670,1509044733800296885,,4,0,0,0,0
1509044733850476299,55671,1509044733850386197,,4,0,0,0,0
1509044733901058671,55672,1509044733900918897,,4,0,0,0,0
1509044733951083336,55673,1509044733950898862,,4,0,0,0,0
1509044734001016886,55674,1509044734000907360,,4,0,0,0,0
1509044734053514874,55675,1509044734050914663,,4,0,0,0,0
1509044734101020143,55676,1509044734100918559,,4,0,0,0,0
1509044734151032772,55677,1509044734150927478,,4,0,0,0,0
1509044734201443537,55678,1509044734201352220,,4,0,0,0,0
1509044734251452751,55679,1509044734251358952,,4,0,0,0,0
1509044734301489529,55680,1509044734301367732,,4,0,0,0,0
1509044734352048163,55681,1509044734351951203,,4,0,0,0,0
1509044734401491458,55682,1509044734401379560,,4,0,0,0,0
1509044734452076569,55683,1509044734451963630,,4,0,0,0,0
1509044734502080310,55684,1509044734501976416,,4,0,0,0,0
1509044734552128068,55685,1509044734552005691,,4,0,0,0,0
1509044734602074988,55686,1509044734601988182,,4,0,0,0,0
1509044734652428068,55687,1509044734651990415,,4,0,0,0,0
1509044734702108169,55688,1509044734702000688,,4,0,0,0,0
1509044734752164096,55689,1509044734752008079,,4,0,0,0,0
1509044734802145944,55690,1509044734802022458,,4,0,0,0,0
1509044734852162668,55691,1509044734852021577,,4,0,0,0,0
1509044734902642462,55692,1509044734902471288,,4,0,0,0,0
1509044734952658122,55693,1509044734952534465,,4,0,0,0,0
1509044735002772239,55694,1509044735002493076,,4,0,0,0,0
1509044735052648025,55695,1509044735052550094,,4,0,0,0,0
1509044735102570350,55696,1509044735102473979,,4,0,0,0,0
1509044735152670380,55697,1509044735152562743,,4,0,0,0,0
1509044735203275943,55698,1509044735203071665,,4,0,0,0,0
1509044735253298446,55699,1509044735253098839,,4,0,0,0,0
1509044735303326117,55700,1509044735303089576,,4,0,0,0,0
1509044735353299279,55701,1509044735353110852,,4,0,0,0,0
1509044735403336005,55702,1509044735403176866,,4,0,0,0,0
1509044735453209977,55703,1509044735453101025,,4,0,0,0,0
1509044735503738887,55704,1509044735503643917,,4,0,0,0,0
1509044735553694554,55705,1509044735553565859,,4,0,0,0,0
1509044735603691362,55706,1509044735603563863,,4,0,0,0,0
1509044735653635482,55707,1509044735653547374,,4,0,0,0,0
1509044735703663717,55708,1509044735703554099,,4,0,0,0,0
1509044735753767233,55709,1509044735753569181,,4,0,0,0,0
1509044735803788273,55710,1509044735803709234,,4,0,0,0,0
1509044735854285407,55711,1509044735854153776,,4,0,0,0,0
1509044735904307368,55712,1509044735904203571,,4,0,0,0,0
1509044735954389336,55713,1509044735954192622,,4,0,0,0,0
1509044736004345173,55714,1509044736004200274,,4,0,0,0,0
1509044736054366152,55715,1509044736054184945,,4,0,0,0,0
1509044736104379643,55716,1509044736104235189,,4,0,0,0,0
1509044736154416604,55717,1509044736154244902,,4,0,0,0,0
1509044736204838538,55718,1509044736204653526,,4,0,0,0,0
1509044736254774573,55719,1509044736254632662,,4,0,0,0,0
1509044736304773267,55720,1509044736304643497,,4,0,0,0,0
1509044736354837097,55721,1509044736354697252,,4,0,0,0,0
1509044736404771538,55722,1509044736404653678,,4,0,0,0,0
1509044736455375873,55723,1509044736455238364,,4,0,0,0,0
1509044736505500904,55724,1509044736505241778,,4,0,0,0,0
1509044736555453438,55725,1509044736555256028,,4,0,0,0,0
1509044736605463423,55726,1509044736605280046,,4,0,0,0,0
1509044736655422698,55727,1509044736655275513,,4,0,0,0,0
1509044736705395277,55728,1509044736705289344,,4,0,0,0,0
1509044736755457422,55729,1509044736755311141,,4,0,0,0,0
1509044736805398778,55730,1509044736805282277,,4,0,0,0,0
1509044736855931127,55731,1509044736855850515,,4,0,0,0,0
1509044736905795996,55732,1509044736905712111,,4,0,0,0,0
1509044736955867469,55733,1509044736955800856,,4,0,0,0,0
1509044737005832026,55734,1509044737005725725,,4,0,0,0,0
1509044737055989789,55735,1509044737055845573,,4,0,0,0,0
1509044737106492837,55736,1509044737106347920,,4,0,0,0,0
1509044737156464762,55737,1509044737156351899,,4,0,0,0,0
1509044737206476647,55738,1509044737206337505,,4,0,0,0,0
1509044737256451791,55739,1509044737256339365,,4,0,0,0,0
1509044737306434174,55740,1509044737306348817,,4,0,0,0,0
1509044737356528724,55741,1509044737356350912,,4,0,0,0,0
1509044737406592401,55742,1509044737406367125,,4,0,0,0,0
1509044737456882533,55743,1509044737456789275,,4,0,0,0,0
1509044737506905003,55744,1509044737506799318,,4,0,0,0,0
1509044737556902012,55745,1509044737556802842,,4,0,0,0,0
1509044737606973571,55746,1509044737606814974,,4,0,0,0,0
1509044737656953611,55747,1509044737656819931,,4,0,0,0,0
1509044737706997959,55748,1509044737706820622,,4,0,0,0,0
1509044737757518376,55749,1509044737757412527,,4,0,0,0,0
1509044737807513724,55750,1509044737807412867,,4,0,0,0,0
1509044737857585662,55751,1509044737857425915,,4,0,0,0,0
1509044737907547311,55752,1509044737907425139,,4,0,0,0,0
1509044737957567194,55753,1509044737957441457,,4,0,0,0,0
1509044738007813873,55754,1509044738007447770,,4,0,0,0,0
1509044738057828470,55755,1509044738057496973,,4,0,0,0,0
1509044738107686636,55756,1509044738107505319,,4,0,0,0,0
1509044738158000833,55757,1509044738157886254,,4,0,0,0,0
1509044738207997081,55758,1509044738207887898,,4,0,0,0,0
1509044738258160499,55759,1509044738257900849,,4,0,0,0,0
1509044738308009346,55760,1509044738307904104,,4,0,0,0,0
1509044738358035966,55761,1509044738357911155,,4,0,0,0,0
1509044738408671867,55762,1509044738408576320,,4,0,0,0,0
1509044738458671036,55763,1509044738458509517,,4,0,0,0,0
1509044738508634611,55764,1509044738508510484,,4,0,0,0,0
1509044738558625179,55765,1509044738558516895,,4,0,0,0,0
1509044738608700092,55766,1509044738608546634,,4,0,0,0,0
1509044738658678389,55767,1509044738658533140,,4,0,0,0,0
1509044738708739821,55768,1509044738708536232,,4,0,0,0,0
1509044738759093560,55769,1509044738758964081,,4,0,0,0,0
1509044738809125474,55770,1509044738808997652,,4,0,0,0,0
1509044738859160741,55771,1509044738859004862,,4,0,0,0,0
1509044738909186710,55772,1509044738908991244,,4,0,0,0,0
1509044738959100309,55773,1509044738958990698,,4,0,0,0,0
1509044739009086134,55774,1509044739008996759,,4,0,0,0,0
1509044739059744533,55775,1509044739059585132,,4,0,0,0,0
1509044739110366736,55776,1509044739109661900,,4,0,0,0,0
1509044739159710868,55777,1509044739159598680,,4,0,0,0,0
1509044739209781933,55778,1509044739209612124,,4,0,0,0,0
1509044739259886770,55779,1509044739259647420,,4,0,0,0,0
1509044739310527542,55780,1509044739309635949,,4,0,0,0,0
1509044739359737428,55781,1509044739359626877,,4,0,0,0,0
1509044739410148087,55782,1509044739410051404,,4,0,0,0,0
1509044739460205347,55783,1509044739460078631,,4,0,0,0,0
1509044739511149373,55784,1509044739510095312,,4,0,0,0,0
1509044739560232972,55785,1509044739560149666,,4,0,0,0,0
1509044739610228718,55786,1509044739610102631,,4,0,0,0,0
1509044739660378620,55787,1509044739660242348,,4,0,0,0,0
1509044739711336393,55788,1509044739711012734,,4,0,0,0,0
1509044739760764277,55789,1509044739760675443,,4,0,0,0,0
1509044739810869314,55790,1509044739810767215,,4,0,0,0,0
1509044739860817714,55791,1509044739860717424,,4,0,0,0,0
1509044739911005458,55792,1509044739910778549,,4,0,0,0,0
1509044739960795203,55793,1509044739960705078,,4,0,0,0,0
1509044740010884389,55794,1509044740010791404,,4,0,0,0,0
1509044740061219627,55795,1509044740061133695,,4,0,0,0,0
1509044740111229907,55796,1509044740110988188,,4,0,0,0,0
1509044740161250540,55797,1509044740161150469,,4,0,0,0,0
1509044740211279863,55798,1509044740211154543,,4,0,0,0,0
1509044740261260668,55799,1509044740261162333,,4,0,0,0,0
1509044740312597862,55800,1509044740311256031,,4,0,0,0,0
1509044740361947812,55801,1509044740361780063,,4,0,0,0,0
1509044740411919828,55802,1509044740411791067,,4,0,0,0,0
1509044740461874461,55803,1509044740461775678,,4,0,0,0,0
1509044740512003242,55804,1509044740511807762,,4,0,0,0,0
1509044740562013893,55805,1509044740561791388,,4,0,0,0,0
1509044740611971321,55806,1509044740611871387,,4,0,0,0,0
1509044740661914623,55807,1509044740661821695,,4,0,0,0,0
1509044740712728369,55808,1509044740711886833,,4,0,0,0,0
1509044740765717439,55809,1509044740762233919,,4,0,0,0,0
1509044740812397815,55810,1509044740812316424,,4,0,0,0,0
1509044740862358560,55811,1509044740862248203,,4,0,0,0,0
1509044740912609081,55812,1509044740912281871,,4,0,0,0,0
1509044740962986972,55813,1509044740962848838,,4,0,0,0,0
1509044741013005678,55814,1509044741012925149,,4,0,0,0,0
1509044741062947005,55815,1509044741062852088,,4,0,0,0,0
1509044741113015560,55816,1509044741112865789,,4,0,0,0,0
1509044741162996164,55817,1509044741162873985,,4,0,0,0,0
1509044741213031503,55818,1509044741212951398,,4,0,0,0,0
1509044741262991213,55819,1509044741262877316,,4,0,0,0,0
1509044741313801685,55820,1509044741313413961,,4,0,0,0,0
1509044741363486455,55821,1509044741363317833,,4,0,0,0,0
1509044741413522868,55822,1509044741413399094,,4,0,0,0,0
1509044741463493001,55823,1509044741463408382,,4,0,0,0,0
1509044741513492140,55824,1509044741513413630,,4,0,0,0,0
1509044741563508860,55825,1509044741563420920,,4,0,0,0,0
1509044741613499298,55826,1509044741613423868,,4,0,0,0,0
1509044741664146379,55827,1509044741663932370,,4,0,0,0,0
1509044741714191895,55828,1509044741714017934,,4,0,0,0,0
1509044741764140751,55829,1509044741763983628,,4,0,0,0,0
1509044741814078379,55830,1509044741813953159,,4,0,0,0,0
1509044741864182906,55831,1509044741864099630,,4,0,0,0,0
1509044741914849282,55832,1509044741913976580,,4,0,0,0,0
1509044741964146226,55833,1509044741964065266,,4,0,0,0,0
1509044742014527089,55834,1509044742014400844,,4,0,0,0,0
1509044742064512225,55835,1509044742064404251,,4,0,0,0,0
1509044742114631052,55836,1509044742114417083,,4,0,0,0,0
1509044742164497875,55837,1509044742164418041,,4,0,0,0,0
1509044742215014284,55838,1509044742214502207,,4,0,0,0,0
1509044742265371121,55839,1509044742265026993,,4,0,0,0,0
1509044742315109499,55840,1509044742315019268,,4,0,0,0,0
1509044742365153554,55841,1509044742365024221,,4,0,0,0,0
1509044742415115882,55842,1509044742415029367,,4,0,0,0,0
1509044742465176697,55843,1509044742465036085,,4,0,0,0,0
1509044742515151803,55844,1509044742515044405,,4,0,0,0,0
1509044742565192140,55845,1509044742565050706,,4,0,0,0,0
1509044742615165009,55846,1509044742615056379,,4,0,0,0,0
1509044742665573125,55847,1509044742665485402,,4,0,0,0,0
1509044742715375052,55848,1509044742715234268,,4,0,0,0,0
1509044742765569846,55849,1509044742765495835,,4,0,0,0,0
1509044742815619044,55850,1509044742815503116,,4,0,0,0,0
1509044742865640506,55851,1509044742865532843,,4,0,0,0,0
1509044742915680068,55852,1509044742915597791,,4,0,0,0,0
1509044742966249885,55853,1509044742966104098,,4,0,0,0,0
1509044743016196018,55854,1509044743016110804,,4,0,0,0,0
1509044743066208354,55855,1509044743066119711,,4,0,0,0,0
1509044743116291434,55856,1509044743116206838,,4,0,0,0,0
1509044743166336511,55857,1509044743166177441,,4,0,0,0,0
1509044743216345927,55858,1509044743216231356,,4,0,0,0,0
1509044743266813144,55859,1509044743266575327,,4,0,0,0,0
1509044743316422875,55860,1509044743316313965,,4,0,0,0,0
1509044743366660429,55861,1509044743366576803,,4,0,0,0,0
1509044743416762949,55862,1509044743416666622,,4,0,0,0,0
1509044743466673909,55863,1509044743466588318,,4,0,0,0,0
1509044743516846553,55864,1509044743516761873,,4,0,0,0,0
1509044743567308028,55865,1509044743567208184,,4,0,0,0,0
1509044743617367622,55866,1509044743617275544,,4,0,0,0,0
1509044743668671925,55867,1509044743667223092,,4,0,0,0,0
1509044743717694557,55868,1509044743717306427,,4,0,0,0,0
1509044743767300261,55869,1509044743767209135,,4,0,0,0,0
1509044743817416018,55870,1509044743817299425,,4,0,0,0,0
1509044743867403315,55871,1509044743867320468,,4,0,0,0,0
1509044743917767847,55872,1509044743917653408,,4,0,0,0,0
1509044743967533631,55873,1509044743967410545,,4,0,0,0,0
1509044744017810148,55874,1509044744017686982,,4,0,0,0,0
1509044744067762234,55875,1509044744067669536,,4,0,0,0,0
1509044744118266750,55876,1509044744117688507,,4,0,0,0,0
1509044744168003996,55877,1509044744167827113,,4,0,0,0,0
1509044744218525664,55878,1509044744218280578,,4,0,0,0,0
1509044744268441392,55879,1509044744268361589,,4,0,0,0,0
1509044744318404496,55880,1509044744318287828,,4,0,0,0,0
1509044744368559489,55881,1509044744368474672,,4,0,0,0,0
1509044744418465111,55882,1509044744418305504,,4,0,0,0,0
1509044744469003374,55883,1509044744468487310,,4,0,0,0,0
1509044744518636999,55884,1509044744518351726,,4,0,0,0,0
1509044744568605791,55885,1509044744568481528,,4,0,0,0,0
1509044744618905317,55886,1509044744618753678,,4,0,0,0,0
1509044744668955173,55887,1509044744668870908,,4,0,0,0,0
1509044744718942726,55888,1509044744718770648,,4,0,0,0,0
1509044744769183670,55889,1509044744768989425,,4,0,0,0,0
1509044744818882549,55890,1509044744818778436,,4,0,0,0,0
1509044744869452640,55891,1509044744869362268,,4,0,0,0,0
1509044744919505522,55892,1509044744919373065,,4,0,0,0,0
1509044744969596526,55893,1509044744969446426,,4,0,0,0,0
1509044745019563654,55894,1509044745019403484,,4,0,0,0,0
1509044745071959977,55895,1509044745069439787,,4,0,0,0,0
1509044745119726628,55896,1509044745119413310,,4,0,0,0,0
1509044745169660636,55897,1509044745169412901,,4,0,0,0,0
1509044745219986460,55898,1509044745219838582,,4,0,0,0,0
1509044745270087370,55899,1509044745269847341,,4,0,0,0,0
1509044745320118640,55900,1509044745319847700,,4,0,0,0,0
1509044745370315792,55901,1509044745369855894,,4,0,0,0,0
1509044745420065650,55902,1509044745419881228,,4,0,0,0,0
1509044745470632206,55903,1509044745470470272,,4,0,0,0,0
1509044745520647887,55904,1509044745520539789,,4,0,0,0,0
1509044745570750497,55905,1509044745570482953,,4,0,0,0,0
1509044745620627377,55906,1509044745620541905,,4,0,0,0,0
1509044745670628258,55907,1509044745670495142,,4,0,0,0,0
1509044745720669968,55908,1509044745720556284,,4,0,0,0,0
1509044745770823096,55909,1509044745770688260,,4,0,0,0,0
1509044745820726611,55910,1509044745820567590,,4,0,0,0,0
1509044745871182962,55911,1509044745871029171,,4,0,0,0,0
1509044745921041592,55912,1509044745920930360,,4,0,0,0,0
1509044745971215919,55913,1509044745971048188,,4,0,0,0,0
1509044746021052537,55914,1509044746020933664,,4,0,0,0,0
1509044746071060708,55915,1509044746070943531,,4,0,0,0,0
1509044746121633972,55916,1509044746121525290,,4,0,0,0,0
1509044746172056364,55917,1509044746171601925,,4,0,0,0,0
1509044746221638259,55918,1509044746221538942,,4,0,0,0,0
1509044746271633931,55919,1509044746271547495,,4,0,0,0,0
1509044746321658557,55920,1509044746321556493,,4,0,0,0,0
1509044746371951581,55921,1509044746371764365,,4,0,0,0,0
1509044746421720712,55922,1509044746421571153,,4,0,0,0,0
1509044746471737016,55923,1509044746471655809,,4,0,0,0,0
1509044746522127479,55924,1509044746522006539,,4,0,0,0,0
1509044746572219085,55925,1509044746572010158,,4,0,0,0,0
1509044746622112648,55926,1509044746622016911,,4,0,0,0,0
1509044746672102923,55927,1509044746672019256,,4,0,0,0,0
1509044746723409469,55928,1509044746722712846,,4,0,0,0,0
1509044746774175797,55929,1509044746772732525,,4,0,0,0,0
1509044746822776993,55930,1509044746822625859,,4,0,0,0,0
1509044746872704653,55931,1509044746872624448,,4,0,0,0,0
1509044746922717599,55932,1509044746922633584,,4,0,0,0,0
1509044746972723123,55933,1509044746972638982,,4,0,0,0,0
1509044747022790449,55934,1509044747022669915,,4,0,0,0,0
1509044747072833114,55935,1509044747072736574,,4,0,0,0,0
1509044747122914328,55936,1509044747122686413,,4,0,0,0,0
1509044747173278304,55937,1509044747173087483,,4,0,0,0,0
1509044747223211682,55938,1509044747223117349,,4,0,0,0,0
1509044747273229603,55939,1509044747273100097,,4,0,0,0,0
1509044747324955493,55940,1509044747324180530,,4,0,0,0,0
1509044747374403415,55941,1509044747373711370,,4,0,0,0,0
1509044747424891465,55942,1509044747423804272,,4,0,0,0,0
1509044747473478446,55943,1509044747473349461,,4,0,0,0,0
1509044747524267215,55944,1509044747523870955,,4,0,0,0,0
1509044747573912084,55945,1509044747573724378,,4,0,0,0,0
1509044747624137496,55946,1509044747624001455,,4,0,0,0,0
1509044747673926250,55947,1509044747673742671,,4,0,0,0,0
1509044747723939476,55948,1509044747723824975,,4,0,0,0,0
1509044747773860599,55949,1509044747773776807,,4,0,0,0,0
1509044747823948500,55950,1509044747823839819,,4,0,0,0,0
1509044747874355037,55951,1509044747874231353,,4,0,0,0,0
1509044747924370585,55952,1509044747924210332,,4,0,0,0,0
1509044747974418203,55953,1509044747974221295,,4,0,0,0,0
1509044748024275798,55954,1509044748024200228,,4,0,0,0,0
1509044748074911453,55955,1509044748074814385,,4,0,0,0,0
1509044748124885556,55956,1509044748124793857,,4,0,0,0,0
1509044748175555041,55957,1509044748175046903,,4,0,0,0,0
1509044748225642109,55958,1509044748224849535,,4,0,0,0,0
1509044748275104433,55959,1509044748274904400,,4,0,0,0,0
1509044748324897627,55960,1509044748324819960,,4,0,0,0,0
1509044748375058993,55961,1509044748374914385,,4,0,0,0,0
1509044748424949187,55962,1509044748424833836,,4,0,0,0,0
1509044748475433480,55963,1509044748475342502,,4,0,0,0,0
1509044748525356848,55964,1509044748525267355,,4,0,0,0,0
1509044748575392014,55965,1509044748575281390,,4,0,0,0,0
1509044748625603769,55966,1509044748625304831,,4,0,0,0,0
1509044748675365387,55967,1509044748675286624,,4,0,0,0,0
1509044748726005627,55968,1509044748725879423,,4,0,0,0,0
1509044748776016867,55969,1509044748775887299,,4,0,0,0,0
1509044748825988454,55970,1509044748825891682,,4,0,0,0,0
1509044748876080992,55971,1509044748875923200,,4,0,0,0,0
1509044748926016095,55972,1509044748925900962,,4,0,0,0,0
1509044748976178340,55973,1509044748975917845,,4,0,0,0,0
1509044749027254169,55974,1509044749025918095,,4,0,0,0,0
1509044749077459665,55975,1509044749076346765,,4,0,0,0,0
1509044749126451662,55976,1509044749126350664,,4,0,0,0,0
1509044749177119101,55977,1509044749176378569,,4,0,0,0,0
1509044749226566337,55978,1509044749226370778,,4,0,0,0,0
1509044749276499069,55979,1509044749276369779,,4,0,0,0,0
1509044749326917875,55980,1509044749326425709,,4,0,0,0,0
1509044749378238488,55981,1509044749377765909,,4,0,0,0,0
1509044749427170156,55982,1509044749426979295,,4,0,0,0,0
1509044749477278660,55983,1509044749476992634,,4,0,0,0,0
1509044749527495059,55984,1509044749527066479,,4,0,0,0,0
1509044749577633596,55985,1509044749577373037,,4,0,0,0,0
1509044749627156534,55986,1509044749627077611,,4,0,0,0,0
1509044749677093994,55987,1509044749677004360,,4,0,0,0,0
1509044749727616806,55988,1509044749727523053,,4,0,0,0,0
1509044749778202715,55989,1509044749777449331,,4,0,0,0,0
1509044749827687685,55990,1509044749827539068,,4,0,0,0,0
1509044749877578467,55991,1509044749877451419,,4,0,0,0,0
1509044749928138153,55992,1509044749928036262,,4,0,0,0,0
1509044749977860930,55993,1509044749977559791,,4,0,0,0,0
1509044750028249011,55994,1509044750028132014,,4,0,0,0,0
1509044750078207478,55995,1509044750078056603,,4,0,0,0,0
1509044750128272390,55996,1509044750128158408,,4,0,0,0,0
1509044750178625868,55997,1509044750178109985,,4,0,0,0,0
1509044750228830522,55998,1509044750228258919,,4,0,0,0,0
1509044750278241360,55999,1509044750278086563,,4,0,0,0,0
1509044750328728235,56000,1509044750328588458,,4,0,0,0,0
1509044750378843382,56001,1509044750378533040,,4,0,0,0,0
1509044750428750521,56002,1509044750428625569,,4,0,0,0,0
1509044750478674265,56003,1509044750478551655,,4,0,0,0,0
1509044750528766020,56004,1509044750528617261,,4,0,0,0,0
1509044750578867827,56005,1509044750578563346,,4,0,0,0,0
1509044750629342661,56006,1509044750629241509,,4,0,0,0,0
1509044750679292282,56007,1509044750679162446,,4,0,0,0,0
1509044750729297132,56008,1509044750729224880,,4,0,0,0,0
1509044750780227436,56009,1509044750779167114,,4,0,0,0,0
1509044750829528561,56010,1509044750829242352,,4,0,0,0,0
1509044750879317921,56011,1509044750879169487,,4,0,0,0,0
1509044750929345362,56012,1509044750929250923,,4,0,0,0,0
1509044750979392561,56013,1509044750979206794,,4,0,0,0,0
1509044751029827553,56014,1509044751029683854,,4,0,0,0,0
1509044751079725194,56015,1509044751079614103,,4,0,0,0,0
1509044751129809545,56016,1509044751129702648,,4,0,0,0,0
1509044751179888525,56017,1509044751179660627,,4,0,0,0,0
1509044751229895940,56018,1509044751229783287,,4,0,0,0,0
1509044751280336958,56019,1509044751280246985,,4,0,0,0,0
1509044751330389337,56020,1509044751330304164,,4,0,0,0,0
1509044751380868601,56021,1509044751380574091,,4,0,0,0,0
1509044751430424080,56022,1509044751430318383,,4,0,0,0,0
1509044751480399316,56023,1509044751480245252,,4,0,0,0,0
1509044751530413889,56024,1509044751530331011,,4,0,0,0,0
1509044751581173591,56025,1509044751580682690,,4,0,0,0,0
1509044751630455020,56026,1509044751630343171,,4,0,0,0,0
1509044751680783493,56027,1509044751680689841,,4,0,0,0,0
1509044751730960277,56028,1509044751730790536,,4,0,0,0,0
1509044751780824006,56029,1509044751780711902,,4,0,0,0,0
1509044751831406055,56030,1509044751830791774,,4,0,0,0,0
1509044751880809672,56031,1509044751880718749,,4,0,0,0,0
1509044751931469022,56032,1509044751931387778,,4,0,0,0,0
1509044751982063634,56033,1509044751981354088,,4,0,0,0,0
1509044752031492801,56034,1509044752031398702,,4,0,0,0,0
1509044752081417008,56035,1509044752081324294,,4,0,0,0,0
1509044752131505273,56036,1509044752131413602,,4,0,0,0,0
1509044752181524310,56037,1509044752181368620,,4,0,0,0,0
1509044752231537116,56038,1509044752231454600,,4,0,0,0,0
1509044752281491206,56039,1509044752281354803,,4,0,0,0,0
1509044752331567806,56040,1509044752331452516,,4,0,0,0,0
1509044752382361083,56041,1509044752381822878,,4,0,0,0,0
1509044752432055824,56042,1509044752431915686,,4,0,0,0,0
1509044752481972871,56043,1509044752481821862,,4,0,0,0,0
1509044752531961139,56044,1509044752531887137,,4,0,0,0,0
1509044752582575659,56045,1509044752582401531,,4,0,0,0,0
1509044752632569847,56046,1509044752632394742,,4,0,0,0,0
1509044752682555001,56047,1509044752682428571,,4,0,0,0,0
1509044752732553286,56048,1509044752732493655,,4,0,0,0,0
1509044752782538094,56049,1509044752782428371,,4,0,0,0,0
1509044752832571548,56050,1509044752832506490,,4,0,0,0,0
1509044752882535061,56051,1509044752882432782,,4,0,0,0,0
1509044752932610155,56052,1509044752932520612,,4,0,0,0,0
1509044752982990839,56053,1509044752982871435,,4,0,0,0,0
1509044753032951662,56054,1509044753032869598,,4,0,0,0,0
1509044753083044343,56055,1509044753082895787,,4,0,0,0,0
1509044753134647654,56056,1509044753133013201,,4,0,0,0,0
1509044753183076486,56057,1509044753182895587,,4,0,0,0,0
1509044753233697331,56058,1509044753232979999,,4,0,0,0,0
1509044753283670467,56059,1509044753283510817,,4,0,0,0,0
1509044753333585458,56060,1509044753333495021,,4,0,0,0,0
1509044753383702461,56061,1509044753383507095,,4,0,0,0,0
1509044753433674058,56062,1509044753433597182,,4,0,0,0,0
1509044753483638719,56063,1509044753483537687,,4,0,0,0,0
1509044753533777835,56064,1509044753533685735,,4,0,0,0,0
1509044753584132043,56065,1509044753583952764,,4,0,0,0,0
1509044753633783037,56066,1509044753633699119,,4,0,0,0,0
1509044753684168891,56067,1509044753684011810,,4,0,0,0,0
1509044753734079317,56068,1509044753733987791,,4,0,0,0,0
1509044753784657669,56069,1509044753784139006,,4,0,0,0,0
1509044753834144661,56070,1509044753834061209,,4,0,0,0,0
1509044753884723734,56071,1509044753884564671,,4,0,0,0,0
1509044753934654899,56072,1509044753934570535,,4,0,0,0,0
1509044753984693341,56073,1509044753984581492,,4,0,0,0,0
1509044754034762087,56074,1509044754034669708,,4,0,0,0,0
1509044754084692539,56075,1509044754084591540,,4,0,0,0,0
1509044754134808090,56076,1509044754134718457,,4,0,0,0,0
1509044754184954663,56077,1509044754184835597,,4,0,0,0,0
1509044754235044321,56078,1509044754234802919,,4,0,0,0,0
1509044754285138898,56079,1509044754285040134,,4,0,0,0,0
1509044754335128669,56080,1509044754335043864,,4,0,0,0,0
1509044754385262457,56081,1509044754385064310,,4,0,0,0,0
1509044754435211663,56082,1509044754435058235,,4,0,0,0,0
1509044754485166386,56083,1509044754485064300,,4,0,0,0,0
1509044754535246672,56084,1509044754535175092,,4,0,0,0,0
1509044754585799566,56085,1509044754585668602,,4,0,0,0,0
1509044754635802314,56086,1509044754635745283,,4,0,0,0,0
1509044754685829923,56087,1509044754685703828,,4,0,0,0,0
1509044754735785748,56088,1509044754735703535,,4,0,0,0,0
1509044754785888637,56089,1509044754785784889,,4,0,0,0,0
1509044754835978097,56090,1509044754835832138,,4,0,0,0,0
1509044754886267182,56091,1509044754886145272,,4,0,0,0,0
1509044754936249448,56092,1509044754936126489,,4,0,0,0,0
1509044754986309798,56093,1509044754986139668,,4,0,0,0,0
1509044755036324659,56094,1509044755036173108,,4,0,0,0,0
1509044755086332873,56095,1509044755086184232,,4,0,0,0,0
1509044755138507104,56096,1509044755136731158,,4,0,0,0,0
1509044755186901032,56097,1509044755186743248,,4,0,0,0,0
1509044755236481488,56098,1509044755236312648,,4,0,0,0,0
1509044755286864674,56099,1509044755286752868,,4,0,0,0,0
1509044755336835298,56100,1509044755336759158,,4,0,0,0,0
1509044755390534317,56101,1509044755386810453,,4,0,0,0,0
1509044755437434555,56102,1509044755436874349,,4,0,0,0,0
1509044755486945557,56103,1509044755486785752,,4,0,0,0,0
1509044755537008384,56104,1509044755536870986,,4,0,0,0,0
1509044755587518979,56105,1509044755587246307,,4,0,0,0,0
1509044755637434157,56106,1509044755637246650,,4,0,0,0,0
1509044755687377084,56107,1509044755687253634,,4,0,0,0,0
1509044755737344425,56108,1509044755737256803,,4,0,0,0,0
1509044755787314311,56109,1509044755787239403,,4,0,0,0,0
1509044755837869650,56110,1509044755837368875,,4,0,0,0,0
1509044755888423440,56111,1509044755887874834,,4,0,0,0,0
1509044755938062579,56112,1509044755937876662,,4,0,0,0,0
1509044755987978187,56113,1509044755987852677,,4,0,0,0,0
1509044756037972624,56114,1509044756037855248,,4,0,0,0,0
1509044756087989511,56115,1509044756087858631,,4,0,0,0,0
1509044756138081365,56116,1509044756137950661,,4,0,0,0,0
1509044756188421099,56117,1509044756188321977,,4,0,0,0,0
1509044756238508679,56118,1509044756238296325,,4,0,0,0,0
1509044756288430439,56119,1509044756288308786,,4,0,0,0,0
1509044756338406229,56120,1509044756338314233,,4,0,0,0,0
1509044756394588671,56121,1509044756391876679,,4,0,0,0,0
1509044756439068834,56122,1509044756438911126,,4,0,0,0,0
1509044756489142850,56123,1509044756488927529,,4,0,0,0,0
1509044756539006097,56124,1509044756538920234,,4,0,0,0,0
1509044756589067864,56125,1509044756588930202,,4,0,0,0,0
1509044756639085029,56126,1509044756638936594,,4,0,0,0,0
1509044756689077619,56127,1509044756688970926,,4,0,0,0,0
1509044756739054133,56128,1509044756738946405,,4,0,0,0,0
1509044756789034454,56129,1509044756788952248,,4,0,0,0,0
1509044756839249721,56130,1509044756839069969,,4,0,0,0,0
1509044756889468836,56131,1509044756889388570,,4,0,0,0,0
1509044756939490238,56132,1509044756939391658,,4,0,0,0,0
1509044756989524857,56133,1509044756989403754,,4,0,0,0,0
1509044757039739783,56134,1509044757039450761,,4,0,0,0,0
1509044757090146755,56135,1509044757090043738,,4,0,0,0,0
1509044757140109521,56136,1509044757140001424,,4,0,0,0,0
1509044757190125971,56137,1509044757190007084,,4,0,0,0,0
1509044757240147486,56138,1509044757240056118,,4,0,0,0,0
1509044757290165652,56139,1509044757290024323,,4,0,0,0,0
1509044757340137656,56140,1509044757340027273,,4,0,0,0,0
1509044757390144925,56141,1509044757390038528,,4,0,0,0,0
1509044757440212721,56142,1509044757440062442,,4,0,0,0,0
1509044757490792099,56143,1509044757490472655,,4,0,0,0,0
1509044757540568864,56144,1509044757540473032,,4,0,0,0,0
1509044757590593788,56145,1509044757590487496,,4,0,0,0,0
1509044757640739770,56146,1509044757640571488,,4,0,0,0,0
1509044757690625010,56147,1509044757690496203,,4,0,0,0,0
1509044757740667972,56148,1509044757740582327,,4,0,0,0,0
1509044757791187414,56149,1509044757791089883,,4,0,0,0,0
1509044757840813880,56150,1509044757840714157,,4,0,0,0,0
1509044757891254640,56151,1509044757891182854,,4,0,0,0,0
1509044757941227470,56152,1509044757941104908,,4,0,0,0,0
1509044757991279803,56153,1509044757991196959,,4,0,0,0,0
1509044758041486146,56154,1509044758041220721,,4,0,0,0,0
1509044758091371238,56155,1509044758091291451,,4,0,0,0,0
1509044758141329816,56156,1509044758141216232,,4,0,0,0,0
1509044758191481364,56157,1509044758191385942,,4,0,0,0,0
1509044758241685017,56158,1509044758241372823,,4,0,0,0,0
1509044758291663678,56159,1509044758291573576,,4,0,0,0,0
1509044758341665710,56160,1509044758341580026,,4,0,0,0,0
1509044758391758237,56161,1509044758391670090,,4,0,0,0,0
1509044758442292182,56162,1509044758442176323,,4,0,0,0,0
1509044758492287604,56163,1509044758492182401,,4,0,0,0,0
1509044758542280550,56164,1509044758542190175,,4,0,0,0,0
1509044758592418781,56165,1509044758592288665,,4,0,0,0,0
1509044758642286288,56166,1509044758642202239,,4,0,0,0,0
1509044758692378636,56167,1509044758692292347,,4,0,0,0,0
1509044758742421137,56168,1509044758742297788,,4,0,0,0,0
1509044758796914931,56169,1509044758792474297,,4,0,0,0,0
1509044758842585209,56170,1509044758842403813,,4,0,0,0,0
1509044758892918786,56171,1509044758892740222,,4,0,0,0,0
1509044758942903143,56172,1509044758942748791,,4,0,0,0,0
1509044758992897019,56173,1509044758992833073,,4,0,0,0,0
1509044759043902476,56174,1509044759042866872,,4,0,0,0,0
1509044759096111261,56175,1509044759095309762,,4,0,0,0,0
1509044759143477745,56176,1509044759143355437,,4,0,0,0,0
1509044759194400032,56177,1509044759193538034,,4,0,0,0,0
1509044759243465193,56178,1509044759243366583,,4,0,0,0,0
1509044759294391362,56179,1509044759294291410,,4,0,0,0,0
1509044759343790440,56180,1509044759343715113,,4,0,0,0,0
1509044759393817314,56181,1509044759393722198,,4,0,0,0,0
1509044759445390315,56182,1509044759443754247,,4,0,0,0,0
1509044759493828555,56183,1509044759493736061,,4,0,0,0,0
1509044759544490129,56184,1509044759544320602,,4,0,0,0,0
1509044759593952795,56185,1509044759593864809,,4,0,0,0,0
1509044759644555060,56186,1509044759644345037,,4,0,0,0,0
1509044759694499163,56187,1509044759694425602,,4,0,0,0,0
1509044759744530985,56188,1509044759744377480,,4,0,0,0,0
1509044759794486098,56189,1509044759794354591,,4,0,0,0,0
1509044759845452025,56190,1509044759844361832,,4,0,0,0,0
1509044759895028181,56191,1509044759894881552,,4,0,0,0,0
1509044759944893778,56192,1509044759944797528,,4,0,0,0,0
1509044759995480587,56193,1509044759994911473,,4,0,0,0,0
1509044760046967147,56194,1509044760045279460,,4,0,0,0,0
1509044760094621417,56195,1509044760094540864,,4,0,0,0,0
1509044760144986728,56196,1509044760144848169,,4,0,0,0,0
1509044760194917320,56197,1509044760194828721,,4,0,0,0,0
1509044760244998267,56198,1509044760244875130,,4,0,0,0,0
1509044760295229286,56199,1509044760294847479,,4,0,0,0,0
1509044760345591028,56200,1509044760345454409,,4,0,0,0,0
1509044760395546155,56201,1509044760395440190,,4,0,0,0,0
1509044760445635071,56202,1509044760445523903,,4,0,0,0,0
1509044760495594626,56203,1509044760495455937,,4,0,0,0,0
1509044760545640739,56204,1509044760545536877,,4,0,0,0,0
1509044760595821305,56205,1509044760595464582,,4,0,0,0,0
1509044760645826402,56206,1509044760645555866,,4,0,0,0,0
1509044760696015435,56207,1509044760695900673,,4,0,0,0,0
1509044760746065949,56208,1509044760745934484,,4,0,0,0,0
1509044760796030768,56209,1509044760795911235,,4,0,0,0,0
1509044760847806711,56210,1509044760846003675,,4,0,0,0,0
1509044760896036033,56211,1509044760895923370,,4,0,0,0,0
1509044760946092308,56212,1509044760946011677,,4,0,0,0,0
1509044761001851845,56213,1509044760996519696,,4,0,0,0,0
1509044761046614948,56214,1509044761046524309,,4,0,0,0,0
1509044761097092530,56215,1509044761096536135,,4,0,0,0,0
1509044761146669096,56216,1509044761146534686,,4,0,0,0,0
1509044761196637361,56217,1509044761196543705,,4,0,0,0,0
1509044761247214977,56218,1509044761246593188,,4,0,0,0,0
1509044761297912720,56219,1509044761296589657,,4,0,0,0,0
1509044761347131864,56220,1509044761346988311,,4,0,0,0,0
1509044761397784325,56221,1509044761397014147,,4,0,0,0,0
1509044761447884119,56222,1509044761447005900,,4,0,0,0,0
