%time,field.waypoint,field.index,field.pose.header.seq,field.pose.header.stamp,field.pose.header.frame_id,field.pose.pose.position.x,field.pose.pose.position.y,field.pose.pose.position.z,field.pose.pose.orientation.x,field.pose.pose.orientation.y,field.pose.pose.orientation.z,field.pose.pose.orientation.w,field.state
1509044736819636141,47,0,0,1509044730341085910,/world,20.991,22.837,1.524,0.0,0.0,0.000698131644088,0.999999756306,0
1509044736877226714,47,0,0,1509044730341085910,/world,20.991,22.837,1.524,0.0,0.0,0.000698131644088,0.999999756306,0
1509044736929616855,47,0,0,1509044730341085910,/world,20.991,22.837,1.524,0.0,0.0,0.000698131644088,0.999999756306,0
1509044736984296931,47,0,0,1509044730341085910,/world,20.991,22.837,1.524,0.0,0.0,0.000698131644088,0.999999756306,0
1509044737036775791,47,0,0,1509044730341085910,/world,20.991,22.837,1.524,0.0,0.0,0.000698131644088,0.999999756306,0
1509044737087189794,47,0,0,1509044730341085910,/world,20.991,22.837,1.524,0.0,0.0,0.000698131644088,0.999999756306,0
1509044737138829957,47,0,0,1509044730341085910,/world,20.991,22.837,1.524,0.0,0.0,0.000698131644088,0.999999756306,0
1509044737188200439,47,0,0,1509044730341085910,/world,20.991,22.837,1.524,0.0,0.0,0.000698131644088,0.999999756306,0
1509044737246614022,47,0,0,1509044730341085910,/world,20.991,22.837,1.524,0.0,0.0,0.000698131644088,0.999999756306,0
1509044737296007570,47,0,0,1509044730341085910,/world,20.991,22.837,1.524,0.0,0.0,0.000698131644088,0.999999756306,0
1509044737346841036,47,0,0,1509044730341085910,/world,20.991,22.837,1.524,0.0,0.0,0.000698131644088,0.999999756306,0
1509044737397163647,47,0,0,1509044730341085910,/world,20.991,22.837,1.524,0.0,0.0,0.000698131644088,0.999999756306,0
1509044737449170562,47,0,0,1509044730341085910,/world,20.991,22.837,1.524,0.0,0.0,0.000698131644088,0.999999756306,0
1509044737499726861,47,0,0,1509044730341085910,/world,20.991,22.837,1.524,0.0,0.0,0.000698131644088,0.999999756306,0
1509044737549059270,47,0,0,1509044730341085910,/world,20.991,22.837,1.524,0.0,0.0,0.000698131644088,0.999999756306,0
1509044737599271784,47,0,0,1509044730341085910,/world,20.991,22.837,1.524,0.0,0.0,0.000698131644088,0.999999756306,0
1509044737649316844,47,0,0,1509044730341085910,/world,20.991,22.837,1.524,0.0,0.0,0.000698131644088,0.999999756306,0
1509044737701008353,47,0,0,1509044730341085910,/world,20.991,22.837,1.524,0.0,0.0,0.000698131644088,0.999999756306,0
1509044737750535803,47,0,0,1509044730341085910,/world,20.991,22.837,1.524,0.0,0.0,0.000698131644088,0.999999756306,0
1509044737799673683,47,0,0,1509044730341085910,/world,20.991,22.837,1.524,0.0,0.0,0.000698131644088,0.999999756306,0
1509044737849600435,47,0,0,1509044730341085910,/world,20.991,22.837,1.524,0.0,0.0,0.000698131644088,0.999999756306,0
1509044737901612007,47,0,0,1509044730341085910,/world,20.991,22.837,1.524,0.0,0.0,0.000698131644088,0.999999756306,0
1509044737951774667,47,0,0,1509044730341085910,/world,20.991,22.837,1.524,0.0,0.0,0.000698131644088,0.999999756306,0
1509044738004362573,47,0,0,1509044730341085910,/world,20.991,22.837,1.524,0.0,0.0,0.000698131644088,0.999999756306,0
1509044738055070593,47,0,0,1509044730341085910,/world,20.991,22.837,1.524,0.0,0.0,0.000698131644088,0.999999756306,0
1509044738105446892,47,0,0,1509044730341085910,/world,20.991,22.837,1.524,0.0,0.0,0.000698131644088,0.999999756306,0
1509044738160176877,47,0,0,1509044730341085910,/world,20.991,22.837,1.524,0.0,0.0,0.000698131644088,0.999999756306,0
1509044738211034990,47,0,0,1509044730341085910,/world,20.991,22.837,1.524,0.0,0.0,0.000698131644088,0.999999756306,0
1509044738261274423,47,0,0,1509044730341085910,/world,20.991,22.837,1.524,0.0,0.0,0.000698131644088,0.999999756306,0
1509044738309611768,47,0,0,1509044730341085910,/world,20.991,22.837,1.524,0.0,0.0,0.000698131644088,0.999999756306,0
1509044738366387457,47,0,0,1509044730341085910,/world,20.991,22.837,1.524,0.0,0.0,0.000698131644088,0.999999756306,0
1509044738428812521,47,0,0,1509044730341085910,/world,20.991,22.837,1.524,0.0,0.0,0.000698131644088,0.999999756306,0
1509044738496286560,47,0,0,1509044730341085910,/world,20.991,22.837,1.524,0.0,0.0,0.000698131644088,0.999999756306,0
1509044738563286446,47,0,0,1509044730341085910,/world,20.991,22.837,1.524,0.0,0.0,0.000698131644088,0.999999756306,0
1509044738630267560,47,0,0,1509044730341085910,/world,20.991,22.837,1.524,0.0,0.0,0.000698131644088,0.999999756306,0
1509044738696574654,47,0,0,1509044730341085910,/world,20.991,22.837,1.524,0.0,0.0,0.000698131644088,0.999999756306,0
1509044738762585114,47,0,0,1509044730341085910,/world,20.991,22.837,1.524,0.0,0.0,0.000698131644088,0.999999756306,0
1509044738829951581,47,0,0,1509044730341085910,/world,20.991,22.837,1.524,0.0,0.0,0.000698131644088,0.999999756306,0
1509044738895921717,47,0,0,1509044730341085910,/world,20.991,22.837,1.524,0.0,0.0,0.000698131644088,0.999999756306,0
1509044738961152552,47,0,0,1509044730341085910,/world,20.991,22.837,1.524,0.0,0.0,0.000698131644088,0.999999756306,0
1509044739028145352,47,0,0,1509044730341085910,/world,20.991,22.837,1.524,0.0,0.0,0.000698131644088,0.999999756306,0
1509044739094120337,47,0,0,1509044730341085910,/world,20.991,22.837,1.524,0.0,0.0,0.000698131644088,0.999999756306,0
1509044739161583608,47,0,0,1509044730341085910,/world,20.991,22.837,1.524,0.0,0.0,0.000698131644088,0.999999756306,0
1509044739227151975,47,0,0,1509044730341085910,/world,20.991,22.837,1.524,0.0,0.0,0.000698131644088,0.999999756306,0
1509044739294049155,47,0,0,1509044730341085910,/world,20.991,22.837,1.524,0.0,0.0,0.000698131644088,0.999999756306,4
1509044739361229987,47,0,0,1509044730341085910,/world,20.991,22.837,1.524,0.0,0.0,0.000698131644088,0.999999756306,4
1509044739426502756,47,0,0,1509044730341085910,/world,20.991,22.837,1.524,0.0,0.0,0.000698131644088,0.999999756306,0
1509044739494334606,47,0,0,1509044730341085910,/world,20.991,22.837,1.524,0.0,0.0,0.000698131644088,0.999999756306,4
1509044739559763825,47,0,0,1509044730341085910,/world,20.991,22.837,1.524,0.0,0.0,0.000698131644088,0.999999756306,4
1509044739629063145,47,0,0,1509044730341085910,/world,20.991,22.837,1.524,0.0,0.0,0.000698131644088,0.999999756306,4
1509044739694557485,47,0,0,1509044730341085910,/world,20.991,22.837,1.524,0.0,0.0,0.000698131644088,0.999999756306,4
1509044739760997947,47,0,0,1509044730341085910,/world,20.991,22.837,1.524,0.0,0.0,0.000698131644088,0.999999756306,4
1509044739827675898,47,0,0,1509044730341085910,/world,20.991,22.837,1.524,0.0,0.0,0.000698131644088,0.999999756306,4
1509044739892962023,47,0,0,1509044730341085910,/world,20.991,22.837,1.524,0.0,0.0,0.000698131644088,0.999999756306,4
1509044739960675055,47,0,0,1509044730341085910,/world,20.991,22.837,1.524,0.0,0.0,0.000698131644088,0.999999756306,4
1509044740027811616,47,0,0,1509044730341085910,/world,20.991,22.837,1.524,0.0,0.0,0.000698131644088,0.999999756306,4
1509044740094391421,47,0,0,1509044730341085910,/world,20.991,22.837,1.524,0.0,0.0,0.000698131644088,0.999999756306,4
1509044740161484095,47,0,0,1509044730341085910,/world,20.991,22.837,1.524,0.0,0.0,0.000698131644088,0.999999756306,4
1509044740227808366,47,0,0,1509044730341085910,/world,20.991,22.837,1.524,0.0,0.0,0.000698131644088,0.999999756306,4
1509044740294413033,47,0,0,1509044730341085910,/world,20.991,22.837,1.524,0.0,0.0,0.000698131644088,0.999999756306,4
1509044740361220941,47,0,0,1509044730341085910,/world,20.991,22.837,1.524,0.0,0.0,0.000698131644088,0.999999756306,4
1509044740427205183,47,0,0,1509044730341085910,/world,20.991,22.837,1.524,0.0,0.0,0.000698131644088,0.999999756306,4
1509044740494565799,47,0,0,1509044730341085910,/world,20.991,22.837,1.524,0.0,0.0,0.000698131644088,0.999999756306,4
1509044740561976214,47,0,0,1509044730341085910,/world,20.991,22.837,1.524,0.0,0.0,0.000698131644088,0.999999756306,4
1509044740632589960,47,0,0,1509044730341085910,/world,20.991,22.837,1.524,0.0,0.0,0.000698131644088,0.999999756306,4
1509044740695674278,47,0,0,1509044730341085910,/world,20.991,22.837,1.524,0.0,0.0,0.000698131644088,0.999999756306,4
1509044740765136074,47,0,0,1509044730341085910,/world,20.991,22.837,1.524,0.0,0.0,0.000698131644088,0.999999756306,4
1509044740828757114,47,0,0,1509044730341085910,/world,20.991,22.837,1.524,0.0,0.0,0.000698131644088,0.999999756306,4
1509044740898368271,47,0,0,1509044730341085910,/world,20.991,22.837,1.524,0.0,0.0,0.000698131644088,0.999999756306,4
1509044740976309234,47,0,0,1509044730341085910,/world,20.991,22.837,1.524,0.0,0.0,0.000698131644088,0.999999756306,4
1509044741029136883,47,0,0,1509044730341085910,/world,20.991,22.837,1.524,0.0,0.0,0.000698131644088,0.999999756306,4
1509044741095005780,47,0,0,1509044730341085910,/world,20.991,22.837,1.524,0.0,0.0,0.000698131644088,0.999999756306,4
1509044741161938031,47,0,0,1509044730341085910,/world,20.991,22.837,1.524,0.0,0.0,0.000698131644088,0.999999756306,4
1509044741229399835,47,0,0,1509044730341085910,/world,20.991,22.837,1.524,0.0,0.0,0.000698131644088,0.999999756306,4
1509044741295130131,47,0,0,1509044730341085910,/world,20.991,22.837,1.524,0.0,0.0,0.000698131644088,0.999999756306,4
1509044741361643756,47,0,0,1509044730341085910,/world,20.991,22.837,1.524,0.0,0.0,0.000698131644088,0.999999756306,4
1509044741428122817,47,0,0,1509044730341085910,/world,20.991,22.837,1.524,0.0,0.0,0.000698131644088,0.999999756306,4
1509044741495922909,47,0,0,1509044730341085910,/world,20.991,22.837,1.524,0.0,0.0,0.000698131644088,0.999999756306,4
1509044741562186933,47,0,0,1509044730341085910,/world,20.991,22.837,1.524,0.0,0.0,0.000698131644088,0.999999756306,4
1509044741630846434,47,0,0,1509044730341085910,/world,20.991,22.837,1.524,0.0,0.0,0.000698131644088,0.999999756306,4
1509044741695291776,47,0,0,1509044730341085910,/world,20.991,22.837,1.524,0.0,0.0,0.000698131644088,0.999999756306,4
1509044741762224149,47,0,0,1509044730341085910,/world,20.991,22.837,1.524,0.0,0.0,0.000698131644088,0.999999756306,4
1509044741830335411,47,0,0,1509044730341085910,/world,20.991,22.837,1.524,0.0,0.0,0.000698131644088,0.999999756306,4
1509044741895766027,47,0,0,1509044730341085910,/world,20.991,22.837,1.524,0.0,0.0,0.000698131644088,0.999999756306,4
1509044741962638273,47,0,0,1509044730341085910,/world,20.991,22.837,1.524,0.0,0.0,0.000698131644088,0.999999756306,4
1509044742030009967,47,0,0,1509044730341085910,/world,20.991,22.837,1.524,0.0,0.0,0.000698131644088,0.999999756306,4
1509044742096259739,47,0,0,1509044730341085910,/world,20.991,22.837,1.524,0.0,0.0,0.000698131644088,0.999999756306,4
1509044742162658595,47,0,0,1509044730341085910,/world,20.991,22.837,1.524,0.0,0.0,0.000698131644088,0.999999756306,4
1509044742278252261,47,0,0,1509044730341085910,/world,20.991,22.837,1.524,0.0,0.0,0.000698131644088,0.999999756306,4
1509044742345654212,47,0,0,1509044730341085910,/world,20.991,22.837,1.524,0.0,0.0,0.000698131644088,0.999999756306,4
1509044742395197901,47,0,0,1509044730341085910,/world,20.991,22.837,1.524,0.0,0.0,0.000698131644088,0.999999756306,4
1509044742450360576,47,0,0,1509044730341085910,/world,20.991,22.837,1.524,0.0,0.0,0.000698131644088,0.999999756306,4
1509044742499789133,47,0,0,1509044730341085910,/world,20.991,22.837,1.524,0.0,0.0,0.000698131644088,0.999999756306,4
1509044742559382644,47,0,0,1509044730341085910,/world,20.991,22.837,1.524,0.0,0.0,0.000698131644088,0.999999756306,4
1509044742629690044,47,0,0,1509044730341085910,/world,20.991,22.837,1.524,0.0,0.0,0.000698131644088,0.999999756306,4
1509044742696554578,47,0,0,1509044730341085910,/world,20.991,22.837,1.524,0.0,0.0,0.000698131644088,0.999999756306,4
1509044742761819196,47,0,0,1509044730341085910,/world,20.991,22.837,1.524,0.0,0.0,0.000698131644088,0.999999756306,4
1509044742828059514,47,0,0,1509044730341085910,/world,20.991,22.837,1.524,0.0,0.0,0.000698131644088,0.999999756306,4
1509044742895468458,47,0,0,1509044730341085910,/world,20.991,22.837,1.524,0.0,0.0,0.000698131644088,0.999999756306,4
1509044742960931643,47,0,0,1509044730341085910,/world,20.991,22.837,1.524,0.0,0.0,0.000698131644088,0.999999756306,4
1509044743028908504,47,0,0,1509044730341085910,/world,20.991,22.837,1.524,0.0,0.0,0.000698131644088,0.999999756306,4
1509044743093966165,47,0,0,1509044730341085910,/world,20.991,22.837,1.524,0.0,0.0,0.000698131644088,0.999999756306,4
1509044743160342130,47,0,0,1509044730341085910,/world,20.991,22.837,1.524,0.0,0.0,0.000698131644088,0.999999756306,4
1509044743227363878,47,0,0,1509044730341085910,/world,20.991,22.837,1.524,0.0,0.0,0.000698131644088,0.999999756306,4
1509044743315955668,47,0,0,1509044730341085910,/world,20.991,22.837,1.524,0.0,0.0,0.000698131644088,0.999999756306,4
1509044743365045679,47,0,0,1509044730341085910,/world,20.991,22.837,1.524,0.0,0.0,0.000698131644088,0.999999756306,2
1509044743430119668,47,0,0,1509044730341085910,/world,20.991,22.837,1.524,0.0,0.0,0.000698131644088,0.999999756306,4
1509044743495156522,47,0,0,1509044730341085910,/world,20.991,22.837,1.524,0.0,0.0,0.000698131644088,0.999999756306,4
1509044743559785441,47,0,0,1509044730341085910,/world,20.991,22.837,1.524,0.0,0.0,0.000698131644088,0.999999756306,4
1509044743627985581,47,0,0,1509044730341085910,/world,20.991,22.837,1.524,0.0,0.0,0.000698131644088,0.999999756306,4
1509044743727064040,47,0,0,1509044730341085910,/world,20.991,22.837,1.524,0.0,0.0,0.000698131644088,0.999999756306,4
1509044743792579520,47,0,0,1509044730341085910,/world,20.991,22.837,1.524,0.0,0.0,0.000698131644088,0.999999756306,4
1509044743847006558,47,0,0,1509044730341085910,/world,20.991,22.837,1.524,0.0,0.0,0.000698131644088,0.999999756306,4
1509044743897516289,47,0,0,1509044730341085910,/world,20.991,22.837,1.524,0.0,0.0,0.000698131644088,0.999999756306,4
1509044743961616174,47,0,0,1509044730341085910,/world,20.991,22.837,1.524,0.0,0.0,0.000698131644088,0.999999756306,4
1509044744030981280,47,0,0,1509044730341085910,/world,20.991,22.837,1.524,0.0,0.0,0.000698131644088,0.999999756306,4
1509044744094771658,47,0,0,1509044730341085910,/world,20.991,22.837,1.524,0.0,0.0,0.000698131644088,0.999999756306,4
1509044744163953176,47,0,0,1509044730341085910,/world,20.991,22.837,1.524,0.0,0.0,0.000698131644088,0.999999756306,4
1509044744227673697,47,0,0,1509044730341085910,/world,20.991,22.837,1.524,0.0,0.0,0.000698131644088,0.999999756306,4
1509044744296500937,47,0,0,1509044730341085910,/world,20.991,22.837,1.524,0.0,0.0,0.000698131644088,0.999999756306,4
1509044744360883264,47,0,0,1509044730341085910,/world,20.991,22.837,1.524,0.0,0.0,0.000698131644088,0.999999756306,4
1509044744428671104,47,0,0,1509044730341085910,/world,20.991,22.837,1.524,0.0,0.0,0.000698131644088,0.999999756306,4
1509044744529423048,47,0,0,1509044730341085910,/world,20.991,22.837,1.524,0.0,0.0,0.000698131644088,0.999999756306,4
1509044744603479981,47,0,0,1509044730341085910,/world,20.991,22.837,1.524,0.0,0.0,0.000698131644088,0.999999756306,4
1509044744652907709,47,0,0,1509044730341085910,/world,20.991,22.837,1.524,0.0,0.0,0.000698131644088,0.999999756306,4
1509044744703918108,47,0,0,1509044730341085910,/world,20.991,22.837,1.524,0.0,0.0,0.000698131644088,0.999999756306,4
1509044744763214933,47,0,0,1509044730341085910,/world,20.991,22.837,1.524,0.0,0.0,0.000698131644088,0.999999756306,4
1509044744829511572,47,0,0,1509044730341085910,/world,20.991,22.837,1.524,0.0,0.0,0.000698131644088,0.999999756306,4
1509044744898888409,47,0,0,1509044730341085910,/world,20.991,22.837,1.524,0.0,0.0,0.000698131644088,0.999999756306,4
1509044744962243208,47,0,0,1509044730341085910,/world,20.991,22.837,1.524,0.0,0.0,0.000698131644088,0.999999756306,4
1509044745029388161,47,0,0,1509044730341085910,/world,20.991,22.837,1.524,0.0,0.0,0.000698131644088,0.999999756306,4
1509044745142118472,47,0,0,1509044730341085910,/world,20.991,22.837,1.524,0.0,0.0,0.000698131644088,0.999999756306,4
1509044745216494512,47,0,0,1509044730341085910,/world,20.991,22.837,1.524,0.0,0.0,0.000698131644088,0.999999756306,4
1509044745267249634,47,0,0,1509044730341085910,/world,20.991,22.837,1.524,0.0,0.0,0.000698131644088,0.999999756306,4
1509044745319886792,47,0,0,1509044730341085910,/world,20.991,22.837,1.524,0.0,0.0,0.000698131644088,0.999999756306,4
1509044745373000321,47,0,0,1509044730341085910,/world,20.991,22.837,1.524,0.0,0.0,0.000698131644088,0.999999756306,4
1509044745429868701,47,0,0,1509044730341085910,/world,20.991,22.837,1.524,0.0,0.0,0.000698131644088,0.999999756306,4
1509044745495393058,47,0,0,1509044730341085910,/world,20.991,22.837,1.524,0.0,0.0,0.000698131644088,0.999999756306,4
1509044745562249232,47,0,0,1509044730341085910,/world,20.991,22.837,1.524,0.0,0.0,0.000698131644088,0.999999756306,4
1509044745628952428,47,0,0,1509044730341085910,/world,20.991,22.837,1.524,0.0,0.0,0.000698131644088,0.999999756306,4
1509044745694732119,47,0,0,1509044730341085910,/world,20.991,22.837,1.524,0.0,0.0,0.000698131644088,0.999999756306,4
1509044745762033681,47,0,0,1509044730341085910,/world,20.991,22.837,1.524,0.0,0.0,0.000698131644088,0.999999756306,4
1509044745826870082,47,0,0,1509044730341085910,/world,20.991,22.837,1.524,0.0,0.0,0.000698131644088,0.999999756306,4
1509044745895076107,47,0,0,1509044730341085910,/world,20.991,22.837,1.524,0.0,0.0,0.000698131644088,0.999999756306,4
1509044745960023046,47,0,0,1509044730341085910,/world,20.991,22.837,1.524,0.0,0.0,0.000698131644088,0.999999756306,4
1509044746028266210,47,0,0,1509044730341085910,/world,20.991,22.837,1.524,0.0,0.0,0.000698131644088,0.999999756306,4
1509044746094220366,47,0,0,1509044730341085910,/world,20.991,22.837,1.524,0.0,0.0,0.000698131644088,0.999999756306,4
1509044746160979890,47,0,0,1509044730341085910,/world,20.991,22.837,1.524,0.0,0.0,0.000698131644088,0.999999756306,4
1509044746243306810,47,0,0,1509044730341085910,/world,20.991,22.837,1.524,0.0,0.0,0.000698131644088,0.999999756306,4
1509044746298352492,47,0,0,1509044730341085910,/world,20.991,22.837,1.524,0.0,0.0,0.000698131644088,0.999999756306,4
1509044746364541297,47,0,0,1509044730341085910,/world,20.991,22.837,1.524,0.0,0.0,0.000698131644088,0.999999756306,4
1509044746450218627,47,0,0,1509044730341085910,/world,20.991,22.837,1.524,0.0,0.0,0.000698131644088,0.999999756306,4
1509044746500415429,47,0,0,1509044730341085910,/world,20.991,22.837,1.524,0.0,0.0,0.000698131644088,0.999999756306,4
1509044746560303292,47,0,0,1509044730341085910,/world,20.991,22.837,1.524,0.0,0.0,0.000698131644088,0.999999756306,4
1509044746627021805,47,0,0,1509044730341085910,/world,20.991,22.837,1.524,0.0,0.0,0.000698131644088,0.999999756306,4
1509044746693564122,47,0,0,1509044730341085910,/world,20.991,22.837,1.524,0.0,0.0,0.000698131644088,0.999999756306,4
1509044746806676492,47,0,0,1509044730341085910,/world,20.991,22.837,1.524,0.0,0.0,0.000698131644088,0.999999756306,4
1509044746892751044,47,0,0,1509044730341085910,/world,20.991,22.837,1.524,0.0,0.0,0.000698131644088,0.999999756306,4
1509044746946040735,47,0,0,1509044730341085910,/world,20.991,22.837,1.524,0.0,0.0,0.000698131644088,0.999999756306,4
1509044746999957108,47,0,0,1509044730341085910,/world,20.991,22.837,1.524,0.0,0.0,0.000698131644088,0.999999756306,4
1509044747051918145,47,0,0,1509044730341085910,/world,20.991,22.837,1.524,0.0,0.0,0.000698131644088,0.999999756306,4
1509044747103740481,47,0,0,1509044730341085910,/world,20.991,22.837,1.524,0.0,0.0,0.000698131644088,0.999999756306,4
1509044747161598450,47,0,0,1509044730341085910,/world,20.991,22.837,1.524,0.0,0.0,0.000698131644088,0.999999756306,4
1509044747228411802,47,0,0,1509044730341085910,/world,20.991,22.837,1.524,0.0,0.0,0.000698131644088,0.999999756306,4
1509044747297005087,47,0,0,1509044730341085910,/world,20.991,22.837,1.524,0.0,0.0,0.000698131644088,0.999999756306,4
1509044747402461144,47,0,0,1509044730341085910,/world,20.991,22.837,1.524,0.0,0.0,0.000698131644088,0.999999756306,4
1509044747471207675,47,0,0,1509044730341085910,/world,20.991,22.837,1.524,0.0,0.0,0.000698131644088,0.999999756306,4
1509044747523455468,47,0,0,1509044730341085910,/world,20.991,22.837,1.524,0.0,0.0,0.000698131644088,0.999999756306,4
1509044747577937252,47,0,0,1509044730341085910,/world,20.991,22.837,1.524,0.0,0.0,0.000698131644088,0.999999756306,4
1509044747630805636,47,0,0,1509044730341085910,/world,20.991,22.837,1.524,0.0,0.0,0.000698131644088,0.999999756306,4
1509044747695786004,47,0,0,1509044730341085910,/world,20.991,22.837,1.524,0.0,0.0,0.000698131644088,0.999999756306,4
1509044747761727400,47,0,0,1509044730341085910,/world,20.991,22.837,1.524,0.0,0.0,0.000698131644088,0.999999756306,4
1509044747828816363,47,0,0,1509044730341085910,/world,20.991,22.837,1.524,0.0,0.0,0.000698131644088,0.999999756306,4
1509044747895052988,47,0,0,1509044730341085910,/world,20.991,22.837,1.524,0.0,0.0,0.000698131644088,0.999999756306,4
1509044747961455063,47,0,0,1509044730341085910,/world,20.991,22.837,1.524,0.0,0.0,0.000698131644088,0.999999756306,4
1509044748028709168,47,0,0,1509044730341085910,/world,20.991,22.837,1.524,0.0,0.0,0.000698131644088,0.999999756306,4
1509044748096793787,47,0,0,1509044730341085910,/world,20.991,22.837,1.524,0.0,0.0,0.000698131644088,0.999999756306,4
1509044748162332008,47,0,0,1509044730341085910,/world,20.991,22.837,1.524,0.0,0.0,0.000698131644088,0.999999756306,4
1509044748281428148,47,0,0,1509044730341085910,/world,20.991,22.837,1.524,0.0,0.0,0.000698131644088,0.999999756306,4
1509044748348176590,47,0,0,1509044730341085910,/world,20.991,22.837,1.524,0.0,0.0,0.000698131644088,0.999999756306,4
1509044748399268894,47,0,0,1509044730341085910,/world,20.991,22.837,1.524,0.0,0.0,0.000698131644088,0.999999756306,4
1509044748450270622,47,0,0,1509044730341085910,/world,20.991,22.837,1.524,0.0,0.0,0.000698131644088,0.999999756306,4
1509044748499602945,47,0,0,1509044730341085910,/world,20.991,22.837,1.524,0.0,0.0,0.000698131644088,0.999999756306,4
1509044748563786552,47,0,0,1509044730341085910,/world,20.991,22.837,1.524,0.0,0.0,0.000698131644088,0.999999756306,4
1509044748630142580,47,0,0,1509044730341085910,/world,20.991,22.837,1.524,0.0,0.0,0.000698131644088,0.999999756306,4
1509044748697055062,47,0,0,1509044730341085910,/world,20.991,22.837,1.524,0.0,0.0,0.000698131644088,0.999999756306,4
1509044748762655189,47,0,0,1509044730341085910,/world,20.991,22.837,1.524,0.0,0.0,0.000698131644088,0.999999756306,4
1509044748829550126,47,0,0,1509044730341085910,/world,20.991,22.837,1.524,0.0,0.0,0.000698131644088,0.999999756306,4
1509044748895157779,47,0,0,1509044730341085910,/world,20.991,22.837,1.524,0.0,0.0,0.000698131644088,0.999999756306,4
1509044748961190520,47,0,0,1509044730341085910,/world,20.991,22.837,1.524,0.0,0.0,0.000698131644088,0.999999756306,4
1509044749028075268,47,0,0,1509044730341085910,/world,20.991,22.837,1.524,0.0,0.0,0.000698131644088,0.999999756306,4
1509044749112953122,47,0,0,1509044730341085910,/world,20.991,22.837,1.524,0.0,0.0,0.000698131644088,0.999999756306,4
1509044749162487715,47,0,0,1509044730341085910,/world,20.991,22.837,1.524,0.0,0.0,0.000698131644088,0.999999756306,4
1509044749226703702,47,0,0,1509044730341085910,/world,20.991,22.837,1.524,0.0,0.0,0.000698131644088,0.999999756306,4
1509044749293687533,47,0,0,1509044730341085910,/world,20.991,22.837,1.524,0.0,0.0,0.000698131644088,0.999999756306,4
1509044749398585414,47,0,0,1509044730341085910,/world,20.991,22.837,1.524,0.0,0.0,0.000698131644088,0.999999756306,4
1509044749471201840,47,0,0,1509044730341085910,/world,20.991,22.837,1.524,0.0,0.0,0.000698131644088,0.999999756306,4
1509044749524425601,47,0,0,1509044730341085910,/world,20.991,22.837,1.524,0.0,0.0,0.000698131644088,0.999999756306,4
1509044749576697940,47,0,0,1509044730341085910,/world,20.991,22.837,1.524,0.0,0.0,0.000698131644088,0.999999756306,4
1509044749627824196,47,0,0,1509044730341085910,/world,20.991,22.837,1.524,0.0,0.0,0.000698131644088,0.999999756306,4
1509044749695020345,47,0,0,1509044730341085910,/world,20.991,22.837,1.524,0.0,0.0,0.000698131644088,0.999999756306,4
1509044749762272669,47,0,0,1509044730341085910,/world,20.991,22.837,1.524,0.0,0.0,0.000698131644088,0.999999756306,4
1509044749829437503,47,0,0,1509044730341085910,/world,20.991,22.837,1.524,0.0,0.0,0.000698131644088,0.999999756306,4
1509044749893886310,47,0,0,1509044730341085910,/world,20.991,22.837,1.524,0.0,0.0,0.000698131644088,0.999999756306,4
1509044749960872414,47,0,0,1509044730341085910,/world,20.991,22.837,1.524,0.0,0.0,0.000698131644088,0.999999756306,4
1509044750027939994,47,0,0,1509044730341085910,/world,20.991,22.837,1.524,0.0,0.0,0.000698131644088,0.999999756306,4
1509044750096364094,47,0,0,1509044730341085910,/world,20.991,22.837,1.524,0.0,0.0,0.000698131644088,0.999999756306,4
1509044750162014454,47,0,0,1509044730341085910,/world,20.991,22.837,1.524,0.0,0.0,0.000698131644088,0.999999756306,4
1509044750272506507,47,0,0,1509044730341085910,/world,20.991,22.837,1.524,0.0,0.0,0.000698131644088,0.999999756306,4
1509044750339210695,47,0,0,1509044730341085910,/world,20.991,22.837,1.524,0.0,0.0,0.000698131644088,0.999999756306,4
1509044750389292896,47,0,0,1509044730341085910,/world,20.991,22.837,1.524,0.0,0.0,0.000698131644088,0.999999756306,4
1509044750442798001,47,0,0,1509044730341085910,/world,20.991,22.837,1.524,0.0,0.0,0.000698131644088,0.999999756306,4
1509044750496845703,47,0,0,1509044730341085910,/world,20.991,22.837,1.524,0.0,0.0,0.000698131644088,0.999999756306,4
1509044750562243321,47,0,0,1509044730341085910,/world,20.991,22.837,1.524,0.0,0.0,0.000698131644088,0.999999756306,4
1509044750628894230,47,0,0,1509044730341085910,/world,20.991,22.837,1.524,0.0,0.0,0.000698131644088,0.999999756306,4
1509044750695474889,47,0,0,1509044730341085910,/world,20.991,22.837,1.524,0.0,0.0,0.000698131644088,0.999999756306,4
1509044750763685822,47,0,0,1509044730341085910,/world,20.991,22.837,1.524,0.0,0.0,0.000698131644088,0.999999756306,4
1509044750831907126,47,0,0,1509044730341085910,/world,20.991,22.837,1.524,0.0,0.0,0.000698131644088,0.999999756306,4
1509044750896429248,47,0,0,1509044730341085910,/world,20.991,22.837,1.524,0.0,0.0,0.000698131644088,0.999999756306,4
1509044750962162553,47,0,0,1509044730341085910,/world,20.991,22.837,1.524,0.0,0.0,0.000698131644088,0.999999756306,4
1509044751029496420,47,0,0,1509044730341085910,/world,20.991,22.837,1.524,0.0,0.0,0.000698131644088,0.999999756306,4
1509044751095603532,47,0,0,1509044730341085910,/world,20.991,22.837,1.524,0.0,0.0,0.000698131644088,0.999999756306,4
1509044751162366499,47,0,0,1509044730341085910,/world,20.991,22.837,1.524,0.0,0.0,0.000698131644088,0.999999756306,4
1509044751228796966,47,0,0,1509044730341085910,/world,20.991,22.837,1.524,0.0,0.0,0.000698131644088,0.999999756306,4
1509044751300062700,47,0,0,1509044730341085910,/world,20.991,22.837,1.524,0.0,0.0,0.000698131644088,0.999999756306,4
1509044751362515498,47,0,0,1509044730341085910,/world,20.991,22.837,1.524,0.0,0.0,0.000698131644088,0.999999756306,4
1509044751428157997,47,0,0,1509044730341085910,/world,20.991,22.837,1.524,0.0,0.0,0.000698131644088,0.999999756306,4
1509044751499210800,47,0,0,1509044730341085910,/world,20.991,22.837,1.524,0.0,0.0,0.000698131644088,0.999999756306,4
1509044751563174251,47,0,0,1509044730341085910,/world,20.991,22.837,1.524,0.0,0.0,0.000698131644088,0.999999756306,4
1509044751628930338,47,0,0,1509044730341085910,/world,20.991,22.837,1.524,0.0,0.0,0.000698131644088,0.999999756306,4
1509044751695535335,47,0,0,1509044730341085910,/world,20.991,22.837,1.524,0.0,0.0,0.000698131644088,0.999999756306,4
1509044751763531716,47,0,0,1509044730341085910,/world,20.991,22.837,1.524,0.0,0.0,0.000698131644088,0.999999756306,4
1509044751829628614,47,0,0,1509044730341085910,/world,20.991,22.837,1.524,0.0,0.0,0.000698131644088,0.999999756306,4
1509044751896098231,47,0,0,1509044730341085910,/world,20.991,22.837,1.524,0.0,0.0,0.000698131644088,0.999999756306,4
1509044751962138764,47,0,0,1509044730341085910,/world,20.991,22.837,1.524,0.0,0.0,0.000698131644088,0.999999756306,4
1509044752031119169,47,0,0,1509044730341085910,/world,20.991,22.837,1.524,0.0,0.0,0.000698131644088,0.999999756306,4
1509044752093787059,47,0,0,1509044730341085910,/world,20.991,22.837,1.524,0.0,0.0,0.000698131644088,0.999999756306,4
1509044752162103231,47,0,0,1509044730341085910,/world,20.991,22.837,1.524,0.0,0.0,0.000698131644088,0.999999756306,4
1509044752227675365,47,0,0,1509044730341085910,/world,20.991,22.837,1.524,0.0,0.0,0.000698131644088,0.999999756306,4
1509044752293405414,47,0,0,1509044730341085910,/world,20.991,22.837,1.524,0.0,0.0,0.000698131644088,0.999999756306,4
1509044752361127014,47,0,0,1509044730341085910,/world,20.991,22.837,1.524,0.0,0.0,0.000698131644088,0.999999756306,4
1509044752449094803,47,0,0,1509044730341085910,/world,20.991,22.837,1.524,0.0,0.0,0.000698131644088,0.999999756306,4
1509044752499646860,47,0,0,1509044730341085910,/world,20.991,22.837,1.524,0.0,0.0,0.000698131644088,0.999999756306,4
1509044752559911476,47,0,0,1509044730341085910,/world,20.991,22.837,1.524,0.0,0.0,0.000698131644088,0.999999756306,4
1509044752627476942,47,0,0,1509044730341085910,/world,20.991,22.837,1.524,0.0,0.0,0.000698131644088,0.999999756306,4
1509044752694290864,47,0,0,1509044730341085910,/world,20.991,22.837,1.524,0.0,0.0,0.000698131644088,0.999999756306,4
1509044752762655953,47,0,0,1509044730341085910,/world,20.991,22.837,1.524,0.0,0.0,0.000698131644088,0.999999756306,4
1509044752827678907,47,0,0,1509044730341085910,/world,20.991,22.837,1.524,0.0,0.0,0.000698131644088,0.999999756306,4
1509044752895133592,47,0,0,1509044730341085910,/world,20.991,22.837,1.524,0.0,0.0,0.000698131644088,0.999999756306,4
1509044752961089097,47,0,0,1509044730341085910,/world,20.991,22.837,1.524,0.0,0.0,0.000698131644088,0.999999756306,4
1509044753027903455,47,0,0,1509044730341085910,/world,20.991,22.837,1.524,0.0,0.0,0.000698131644088,0.999999756306,4
1509044753094801530,47,0,0,1509044730341085910,/world,20.991,22.837,1.524,0.0,0.0,0.000698131644088,0.999999756306,4
1509044753188338505,47,0,0,1509044730341085910,/world,20.991,22.837,1.524,0.0,0.0,0.000698131644088,0.999999756306,4
1509044753240323875,47,0,0,1509044730341085910,/world,20.991,22.837,1.524,0.0,0.0,0.000698131644088,0.999999756306,4
1509044753295552735,47,0,0,1509044730341085910,/world,20.991,22.837,1.524,0.0,0.0,0.000698131644088,0.999999756306,4
1509044753360640920,47,0,0,1509044730341085910,/world,20.991,22.837,1.524,0.0,0.0,0.000698131644088,0.999999756306,4
1509044753427793812,47,0,0,1509044730341085910,/world,20.991,22.837,1.524,0.0,0.0,0.000698131644088,0.999999756306,4
1509044753495310745,47,0,0,1509044730341085910,/world,20.991,22.837,1.524,0.0,0.0,0.000698131644088,0.999999756306,4
1509044753561560436,47,0,0,1509044730341085910,/world,20.991,22.837,1.524,0.0,0.0,0.000698131644088,0.999999756306,4
1509044753627546684,47,0,0,1509044730341085910,/world,20.991,22.837,1.524,0.0,0.0,0.000698131644088,0.999999756306,4
1509044753696465520,47,0,0,1509044730341085910,/world,20.991,22.837,1.524,0.0,0.0,0.000698131644088,0.999999756306,4
1509044753762762988,47,0,0,1509044730341085910,/world,20.991,22.837,1.524,0.0,0.0,0.000698131644088,0.999999756306,4
1509044753851753366,47,0,0,1509044730341085910,/world,20.991,22.837,1.524,0.0,0.0,0.000698131644088,0.999999756306,4
1509044753902680658,47,0,0,1509044730341085910,/world,20.991,22.837,1.524,0.0,0.0,0.000698131644088,0.999999756306,4
1509044753961123684,47,0,0,1509044730341085910,/world,20.991,22.837,1.524,0.0,0.0,0.000698131644088,0.999999756306,4
1509044754028345106,47,0,0,1509044730341085910,/world,20.991,22.837,1.524,0.0,0.0,0.000698131644088,0.999999756306,4
1509044754097635740,47,0,0,1509044730341085910,/world,20.991,22.837,1.524,0.0,0.0,0.000698131644088,0.999999756306,4
1509044754163628093,47,0,0,1509044730341085910,/world,20.991,22.837,1.524,0.0,0.0,0.000698131644088,0.999999756306,4
1509044754231959596,47,0,0,1509044730341085910,/world,20.991,22.837,1.524,0.0,0.0,0.000698131644088,0.999999756306,4
1509044754311439962,47,0,0,1509044730341085910,/world,20.991,22.837,1.524,0.0,0.0,0.000698131644088,0.999999756306,4
1509044754363124642,47,0,0,1509044730341085910,/world,20.991,22.837,1.524,0.0,0.0,0.000698131644088,0.999999756306,4
1509044754428984075,47,0,0,1509044730341085910,/world,20.991,22.837,1.524,0.0,0.0,0.000698131644088,0.999999756306,4
1509044754496217448,47,0,0,1509044730341085910,/world,20.991,22.837,1.524,0.0,0.0,0.000698131644088,0.999999756306,4
1509044754563063218,47,0,0,1509044730341085910,/world,20.991,22.837,1.524,0.0,0.0,0.000698131644088,0.999999756306,4
1509044754630004937,47,0,0,1509044730341085910,/world,20.991,22.837,1.524,0.0,0.0,0.000698131644088,0.999999756306,4
1509044754696000731,47,0,0,1509044730341085910,/world,20.991,22.837,1.524,0.0,0.0,0.000698131644088,0.999999756306,4
1509044754762926713,47,0,0,1509044730341085910,/world,20.991,22.837,1.524,0.0,0.0,0.000698131644088,0.999999756306,4
1509044754830879830,47,0,0,1509044730341085910,/world,20.991,22.837,1.524,0.0,0.0,0.000698131644088,0.999999756306,4
1509044754897051069,47,0,0,1509044730341085910,/world,20.991,22.837,1.524,0.0,0.0,0.000698131644088,0.999999756306,4
1509044754962550195,47,0,0,1509044730341085910,/world,20.991,22.837,1.524,0.0,0.0,0.000698131644088,0.999999756306,4
1509044755030397396,47,0,0,1509044730341085910,/world,20.991,22.837,1.524,0.0,0.0,0.000698131644088,0.999999756306,4
1509044755095828877,47,0,0,1509044730341085910,/world,20.991,22.837,1.524,0.0,0.0,0.000698131644088,0.999999756306,4
1509044755164428768,47,0,0,1509044730341085910,/world,20.991,22.837,1.524,0.0,0.0,0.000698131644088,0.999999756306,4
1509044755229043265,47,0,0,1509044730341085910,/world,20.991,22.837,1.524,0.0,0.0,0.000698131644088,0.999999756306,4
1509044755295737975,47,0,0,1509044730341085910,/world,20.991,22.837,1.524,0.0,0.0,0.000698131644088,0.999999756306,4
1509044755361840000,47,0,0,1509044730341085910,/world,20.991,22.837,1.524,0.0,0.0,0.000698131644088,0.999999756306,4
1509044755473992749,47,0,0,1509044730341085910,/world,20.991,22.837,1.524,0.0,0.0,0.000698131644088,0.999999756306,4
1509044755543545711,47,0,0,1509044730341085910,/world,20.991,22.837,1.524,0.0,0.0,0.000698131644088,0.999999756306,4
1509044755595040375,47,0,0,1509044730341085910,/world,20.991,22.837,1.524,0.0,0.0,0.000698131644088,0.999999756306,4
1509044755654419010,47,0,0,1509044730341085910,/world,20.991,22.837,1.524,0.0,0.0,0.000698131644088,0.999999756306,4
1509044755704638774,47,0,0,1509044730341085910,/world,20.991,22.837,1.524,0.0,0.0,0.000698131644088,0.999999756306,4
1509044755762075195,47,0,0,1509044730341085910,/world,20.991,22.837,1.524,0.0,0.0,0.000698131644088,0.999999756306,4
1509044755826777776,47,0,0,1509044730341085910,/world,20.991,22.837,1.524,0.0,0.0,0.000698131644088,0.999999756306,4
1509044755933403454,47,0,0,1509044730341085910,/world,20.991,22.837,1.524,0.0,0.0,0.000698131644088,0.999999756306,4
1509044755996815708,47,0,0,1509044730341085910,/world,20.991,22.837,1.524,0.0,0.0,0.000698131644088,0.999999756306,4
1509044756049518665,47,0,0,1509044730341085910,/world,20.991,22.837,1.524,0.0,0.0,0.000698131644088,0.999999756306,4
1509044756099460503,47,0,0,1509044730341085910,/world,20.991,22.837,1.524,0.0,0.0,0.000698131644088,0.999999756306,4
1509044756162662207,47,0,0,1509044730341085910,/world,20.991,22.837,1.524,0.0,0.0,0.000698131644088,0.999999756306,4
1509044756227945861,47,0,0,1509044730341085910,/world,20.991,22.837,1.524,0.0,0.0,0.000698131644088,0.999999756306,4
1509044756294749970,47,0,0,1509044730341085910,/world,20.991,22.837,1.524,0.0,0.0,0.000698131644088,0.999999756306,4
1509044756360322701,47,0,0,1509044730341085910,/world,20.991,22.837,1.524,0.0,0.0,0.000698131644088,0.999999756306,4
1509044756456718183,47,0,0,1509044730341085910,/world,20.991,22.837,1.524,0.0,0.0,0.000698131644088,0.999999756306,4
1509044756508878659,47,0,0,1509044730341085910,/world,20.991,22.837,1.524,0.0,0.0,0.000698131644088,0.999999756306,4
1509044756561330886,47,0,0,1509044730341085910,/world,20.991,22.837,1.524,0.0,0.0,0.000698131644088,0.999999756306,4
1509044756628449092,47,0,0,1509044730341085910,/world,20.991,22.837,1.524,0.0,0.0,0.000698131644088,0.999999756306,4
1509044756695105059,47,0,0,1509044730341085910,/world,20.991,22.837,1.524,0.0,0.0,0.000698131644088,0.999999756306,4
1509044756760293864,47,0,0,1509044730341085910,/world,20.991,22.837,1.524,0.0,0.0,0.000698131644088,0.999999756306,4
1509044756827671193,47,0,0,1509044730341085910,/world,20.991,22.837,1.524,0.0,0.0,0.000698131644088,0.999999756306,4
1509044756894725564,47,0,0,1509044730341085910,/world,20.991,22.837,1.524,0.0,0.0,0.000698131644088,0.999999756306,4
1509044756963087532,47,0,0,1509044730341085910,/world,20.991,22.837,1.524,0.0,0.0,0.000698131644088,0.999999756306,4
1509044757029653155,47,0,0,1509044730341085910,/world,20.991,22.837,1.524,0.0,0.0,0.000698131644088,0.999999756306,4
1509044757095906102,47,0,0,1509044730341085910,/world,20.991,22.837,1.524,0.0,0.0,0.000698131644088,0.999999756306,4
1509044757163196449,47,0,0,1509044730341085910,/world,20.991,22.837,1.524,0.0,0.0,0.000698131644088,0.999999756306,4
1509044757230138582,47,0,0,1509044730341085910,/world,20.991,22.837,1.524,0.0,0.0,0.000698131644088,0.999999756306,4
1509044757296875258,47,0,0,1509044730341085910,/world,20.991,22.837,1.524,0.0,0.0,0.000698131644088,0.999999756306,4
1509044757363161754,47,0,0,1509044730341085910,/world,20.991,22.837,1.524,0.0,0.0,0.000698131644088,0.999999756306,4
1509044757429897121,47,0,0,1509044730341085910,/world,20.991,22.837,1.524,0.0,0.0,0.000698131644088,0.999999756306,4
1509044757495575463,47,0,0,1509044730341085910,/world,20.991,22.837,1.524,0.0,0.0,0.000698131644088,0.999999756306,4
1509044757562400119,47,0,0,1509044730341085910,/world,20.991,22.837,1.524,0.0,0.0,0.000698131644088,0.999999756306,4
1509044757631138599,47,0,0,1509044730341085910,/world,20.991,22.837,1.524,0.0,0.0,0.000698131644088,0.999999756306,4
1509044757695958460,47,0,0,1509044730341085910,/world,20.991,22.837,1.524,0.0,0.0,0.000698131644088,0.999999756306,4
1509044757764420331,47,0,0,1509044730341085910,/world,20.991,22.837,1.524,0.0,0.0,0.000698131644088,0.999999756306,4
1509044757828705450,47,0,0,1509044730341085910,/world,20.991,22.837,1.524,0.0,0.0,0.000698131644088,0.999999756306,4
1509044757896295951,47,0,0,1509044730341085910,/world,20.991,22.837,1.524,0.0,0.0,0.000698131644088,0.999999756306,4
1509044757963839405,47,0,0,1509044730341085910,/world,20.991,22.837,1.524,0.0,0.0,0.000698131644088,0.999999756306,4
1509044758039392655,47,0,0,1509044730341085910,/world,20.991,22.837,1.524,0.0,0.0,0.000698131644088,0.999999756306,4
1509044758096629555,47,0,0,1509044730341085910,/world,20.991,22.837,1.524,0.0,0.0,0.000698131644088,0.999999756306,4
1509044758161440033,47,0,0,1509044730341085910,/world,20.991,22.837,1.524,0.0,0.0,0.000698131644088,0.999999756306,4
1509044758228826930,47,0,0,1509044730341085910,/world,20.991,22.837,1.524,0.0,0.0,0.000698131644088,0.999999756306,4
1509044758298148778,47,0,0,1509044730341085910,/world,20.991,22.837,1.524,0.0,0.0,0.000698131644088,0.999999756306,4
1509044758361427173,47,0,0,1509044730341085910,/world,20.991,22.837,1.524,0.0,0.0,0.000698131644088,0.999999756306,4
1509044758430789029,47,0,0,1509044730341085910,/world,20.991,22.837,1.524,0.0,0.0,0.000698131644088,0.999999756306,4
1509044758495225062,47,0,0,1509044730341085910,/world,20.991,22.837,1.524,0.0,0.0,0.000698131644088,0.999999756306,4
1509044758562692270,47,0,0,1509044730341085910,/world,20.991,22.837,1.524,0.0,0.0,0.000698131644088,0.999999756306,4
1509044758631474907,47,0,0,1509044730341085910,/world,20.991,22.837,1.524,0.0,0.0,0.000698131644088,0.999999756306,4
1509044758695637472,47,0,0,1509044730341085910,/world,20.991,22.837,1.524,0.0,0.0,0.000698131644088,0.999999756306,4
1509044758760928620,47,0,0,1509044730341085910,/world,20.991,22.837,1.524,0.0,0.0,0.000698131644088,0.999999756306,4
1509044758856232089,47,0,0,1509044730341085910,/world,20.991,22.837,1.524,0.0,0.0,0.000698131644088,0.999999756306,4
1509044758904547130,47,0,0,1509044730341085910,/world,20.991,22.837,1.524,0.0,0.0,0.000698131644088,0.999999756306,4
1509044758960693154,47,0,0,1509044730341085910,/world,20.991,22.837,1.524,0.0,0.0,0.000698131644088,0.999999756306,4
1509044759026610191,47,0,0,1509044730341085910,/world,20.991,22.837,1.524,0.0,0.0,0.000698131644088,0.999999756306,4
1509044759127518775,47,0,0,1509044730341085910,/world,20.991,22.837,1.524,0.0,0.0,0.000698131644088,0.999999756306,4
1509044759194687444,47,0,0,1509044730341085910,/world,20.991,22.837,1.524,0.0,0.0,0.000698131644088,0.999999756306,4
1509044759245868442,47,0,0,1509044730341085910,/world,20.991,22.837,1.524,0.0,0.0,0.000698131644088,0.999999756306,4
1509044759297269852,47,0,0,1509044730341085910,/world,20.991,22.837,1.524,0.0,0.0,0.000698131644088,0.999999756306,4
1509044759363115491,47,0,0,1509044730341085910,/world,20.991,22.837,1.524,0.0,0.0,0.000698131644088,0.999999756306,4
1509044759428148102,47,0,0,1509044730341085910,/world,20.991,22.837,1.524,0.0,0.0,0.000698131644088,0.999999756306,4
1509044759494804361,47,0,0,1509044730341085910,/world,20.991,22.837,1.524,0.0,0.0,0.000698131644088,0.999999756306,4
1509044759561836556,47,0,0,1509044730341085910,/world,20.991,22.837,1.524,0.0,0.0,0.000698131644088,0.999999756306,4
1509044759627788242,47,0,0,1509044730341085910,/world,20.991,22.837,1.524,0.0,0.0,0.000698131644088,0.999999756306,4
1509044759696445404,47,0,0,1509044730341085910,/world,20.991,22.837,1.524,0.0,0.0,0.000698131644088,0.999999756306,4
1509044759762461538,47,0,0,1509044730341085910,/world,20.991,22.837,1.524,0.0,0.0,0.000698131644088,0.999999756306,4
1509044759828226262,47,0,0,1509044730341085910,/world,20.991,22.837,1.524,0.0,0.0,0.000698131644088,0.999999756306,4
1509044759897086800,47,0,0,1509044730341085910,/world,20.991,22.837,1.524,0.0,0.0,0.000698131644088,0.999999756306,4
1509044759960927178,47,0,0,1509044730341085910,/world,20.991,22.837,1.524,0.0,0.0,0.000698131644088,0.999999756306,4
1509044760052802477,47,0,0,1509044730341085910,/world,20.991,22.837,1.524,0.0,0.0,0.000698131644088,0.999999756306,4
1509044760105470954,47,0,0,1509044730341085910,/world,20.991,22.837,1.524,0.0,0.0,0.000698131644088,0.999999756306,4
1509044760162267438,47,0,0,1509044730341085910,/world,20.991,22.837,1.524,0.0,0.0,0.000698131644088,0.999999756306,4
1509044760228633610,47,0,0,1509044730341085910,/world,20.991,22.837,1.524,0.0,0.0,0.000698131644088,0.999999756306,4
1509044760294854197,47,0,0,1509044730341085910,/world,20.991,22.837,1.524,0.0,0.0,0.000698131644088,0.999999756306,4
1509044760362531286,47,0,0,1509044730341085910,/world,20.991,22.837,1.524,0.0,0.0,0.000698131644088,0.999999756306,4
1509044760430012262,47,0,0,1509044730341085910,/world,20.991,22.837,1.524,0.0,0.0,0.000698131644088,0.999999756306,4
1509044760496976884,47,0,0,1509044730341085910,/world,20.991,22.837,1.524,0.0,0.0,0.000698131644088,0.999999756306,4
1509044760563012484,47,0,0,1509044730341085910,/world,20.991,22.837,1.524,0.0,0.0,0.000698131644088,0.999999756306,4
1509044760630294178,47,0,0,1509044730341085910,/world,20.991,22.837,1.524,0.0,0.0,0.000698131644088,0.999999756306,4
1509044760697028736,47,0,0,1509044730341085910,/world,20.991,22.837,1.524,0.0,0.0,0.000698131644088,0.999999756306,4
1509044760762768420,47,0,0,1509044730341085910,/world,20.991,22.837,1.524,0.0,0.0,0.000698131644088,0.999999756306,4
1509044760831250207,47,0,0,1509044730341085910,/world,20.991,22.837,1.524,0.0,0.0,0.000698131644088,0.999999756306,4
1509044760905658627,47,0,0,1509044730341085910,/world,20.991,22.837,1.524,0.0,0.0,0.000698131644088,0.999999756306,4
1509044760964074576,47,0,0,1509044730341085910,/world,20.991,22.837,1.524,0.0,0.0,0.000698131644088,0.999999756306,4
1509044761029474674,47,0,0,1509044730341085910,/world,20.991,22.837,1.524,0.0,0.0,0.000698131644088,0.999999756306,4
1509044761096777230,47,0,0,1509044730341085910,/world,20.991,22.837,1.524,0.0,0.0,0.000698131644088,0.999999756306,4
1509044761163606415,47,0,0,1509044730341085910,/world,20.991,22.837,1.524,0.0,0.0,0.000698131644088,0.999999756306,4
1509044761229026765,47,0,0,1509044730341085910,/world,20.991,22.837,1.524,0.0,0.0,0.000698131644088,0.999999756306,4
1509044761338923815,47,0,0,1509044730341085910,/world,20.991,22.837,1.524,0.0,0.0,0.000698131644088,0.999999756306,4
1509044761395911953,47,0,0,1509044730341085910,/world,20.991,22.837,1.524,0.0,0.0,0.000698131644088,0.999999756306,4
1509044761451445603,47,0,0,1509044730341085910,/world,20.991,22.837,1.524,0.0,0.0,0.000698131644088,0.999999756306,4
